NumeroContrato,HasDifferences,ValorAquisicao_Internal,ValorAquisicao_Fund,ValorAquisicao_Difference,ValorAquisicao_Diff_Percent
0086c1e8-a0fe-448b-b6b8-dc389060522c,True,20177.22,20167.76,9.460000000002765,0.04690654787642636
00a20b31-e591-44fa-bdfe-04f73cbfc9c6,True,856.47,858.39,-1.919999999999959,0.2236745535246169
00cce721-98b6-46a4-9458-4516395e27f8,True,150117.17,150117.12,0.0500000000174623,3.3307326984065704e-05
01dbc5f8-e753-4119-b070-97c2c9f4282e,True,570840.5400000004,570840.48,0.06000000040512532,1.0510817383715557e-05
01fe17a4-b6a8-4c81-86d3-9d38912af9e7,True,474192.0800000001,474192.14,-0.05999999993946403,1.2653098792287875e-05
024ef8cf-4d00-485f-a882-537b97d28de2,True,247092.7300000001,247092.68,0.05000000010477379,2.0235322270483203e-05
03ae752a-0c10-47cd-a3ef-e31293a79fb2,True,258129.12999999995,258129.22,-0.0900000000547152,3.486625809147651e-05
03b39b44-aabf-42eb-b961-021eea415660,True,130766.8199999999,130766.71,0.10999999989871867,8.411926850397831e-05
03c3c7ee-e27e-432d-b5f7-44c16dc762f4,True,773.66,793.78,-20.120000000000005,2.5347073496434787
03fed660-7cdb-48c2-b19d-81c2fb532bad,True,40.54,40.42,0.11999999999999744,0.2968827313211218
0404f3b6-55e0-45d4-a8c1-f276a3e13064,True,433654.82,433654.71,0.10999999998603016,2.5365803126185383e-05
0579cc7c-3f94-4218-98bd-e7dde7faeecc,True,405.07,406.87,-1.8000000000000114,0.4424017499447026
05d5d12a-7144-46d3-9a8c-d072b187e159,True,1102.28,1099.4,2.8799999999998818,0.26196106967435706
06821e70-746e-4d01-8a07-082d482087ea,True,88930.23000000001,88930.18,0.0500000000174623,5.622388262057077e-05
06c51bbb-777e-4dfe-8800-c95c41e55dfb,True,542.73,545.33,-2.6000000000000227,0.4767755304127817
0708d8bd-f3fc-4cf5-8223-40e3fc0c36ab,True,1959.09,1957.51,1.5799999999999272,0.08071478562050398
071f562a-a9b3-4766-ae74-9674334fb9a4,True,21092.389999999996,21092.33,0.059999999994033715,0.00028446359408388597
07a6bf07-038a-4af0-a2dc-e4eecce11437,True,100913.5,100913.45,0.05000000000291038,4.954740919363116e-05
07aeeb9b-20cf-438c-81f1-b9e343747607,True,2197.35,2197.1,0.25,0.011378635474033954
0892ba86-e022-4a07-8eeb-4bf952c30f4c,True,126828.26000000001,126828.2,0.06000000001222361,4.7308090797018025e-05
0906e012-f1bb-4eca-8a41-db7c48b326ea,True,21603.99,21603.92,0.07000000000334694,0.00032401527131810777
090727b7-95a6-4427-b984-75339ca0631d,True,12245.41,12232.19,13.219999999999345,0.10807549588421489
0a1f943a-f688-4b69-ae50-10b31d7ebf4c,True,199226.66,199226.59,0.07000000000698492,3.513587217799839e-05
0aa5d88c-688f-431f-949a-dcf2fb2fa9dd,True,375690.77999999997,375690.83,-0.05000000004656613,1.330881566807636e-05
0aca3d45-768f-4feb-9b92-3cbb989c2965,True,9605.710000000001,9609.05,-3.3399999999983265,0.034758899162751024
0ae5b6a2-6f9e-450a-9726-bafaf5a42f9e,True,11016.089999999998,11005.09,10.999999999998181,0.09995374867446047
0aeec9cc-50db-4133-baff-2e9c2ad5ea63,True,18484.300000000003,18526.08,-41.779999999998836,0.22551991570801178
0b2742fe-8a8c-430e-86c8-cc870e264b15,True,18886.3,18837.05,49.25,0.26145282833564704
0c22c366-351b-47d9-8150-f3b9c017bbe6,True,15561.620000000004,15561.56,0.06000000000494765,0.00038556545747950495
0c3ac4fd-621d-4cb7-b11d-bf3491d4ea05,True,242904.43999999992,242904.49,-0.05000000007566996,2.058422224952283e-05
0c7dbe8d-00b7-4e76-a29b-d42bcaf0df80,True,74179.15999999999,74179.21,-0.0500000000174623,6.740433069786304e-05
0cc73031-1a66-4c99-8621-4c2a38e9746d,True,1154890.7300000007,1154890.68,0.05000000074505806,4.32941416975138e-06
0cd324ef-21ec-416d-bbd3-7ab0bf515ca3,True,59239.329999999994,59239.27,0.059999999997671694,0.00010128416504401844
0cffc479-e91a-40fa-9f6f-c11c382883ed,True,2338.71,2345.74,-7.029999999999745,0.2996922080025811
0d21f377-bbd5-4e79-81b2-64ac8f12b7ee,True,89.69,89.26,0.4299999999999926,0.4817387407573298
0dafe09a-638f-4edd-962f-1816f18222a7,True,71.96,72.03,-0.07000000000000739,0.09718172983480132
0dd9f5cd-ab4a-483f-91e4-ed52a9485f66,True,1734.81,1739.36,-4.5499999999999545,0.2615904700579498
0de0a977-e003-4cc9-aef7-e97c91d58ee8,True,159.89,160.33,-0.44000000000002615,0.2744339799164387
0e1b0258-9676-46ef-9b17-1fa94d820354,True,1040.21,1035.89,4.319999999999936,0.4170326965218253
0e3269f6-dd30-4656-908e-b522677f93cf,True,943.77,945.62,-1.8500000000000227,0.19563884012605728
0e7a7eda-aa73-463d-a826-1f8a66867195,True,377010.4499999999,377010.39,0.05999999988125637,1.591468072836305e-05
0f22fda3-9f4a-4f12-859d-675a941643ce,True,17416.23,17472.34,-56.11000000000058,0.32113615005202845
0f3a9932-baf0-45f3-bc94-5972ea935c46,True,21140.68,21591.79,-451.1100000000006,2.089266336880826
0f4ce7aa-a669-42f7-a272-b99bdcfc1f2b,True,89259.49,89258.11,1.3800000000046566,0.0015460779978476538
0f5493b4-3cb2-4809-88fb-869664344e8a,True,336422.7600000002,336422.71,0.05000000016298145,1.4862254739872182e-05
0fb6b9b6-d925-4547-8249-f4577cdfce12,True,90465.16,90465.22,-0.059999999997671694,6.63238314102057e-05
101f489b-1e83-4dd3-b724-147d3f08eb84,True,529486.9499999998,529487.05,-0.10000000020954758,1.888620320545093e-05
10c37a89-5f29-41f0-951c-1d8fc574de81,True,1766044.9699999997,1766044.91,0.05999999982304871,3.39742208611494e-06
10de64f3-a4a3-4e02-9128-c35b13c7c753,True,214952.17000000007,214952.24,-0.06999999991967343,3.256537355445723e-05
12019d9d-ae59-4b53-b4d3-f4dc5590e0b2,True,474966.64999999997,474966.72,-0.07000000000698492,1.4737874688775021e-05
127bf014-70df-4503-9f72-c7bfd5d38dbe,True,209046.0399999998,209045.97,0.0699999998032581,3.348545767385906e-05
137d1541-3a5a-492a-ab00-5cfdec722e3d,True,2170.62,2159.39,11.230000000000018,0.5200542745868054
138b98ae-a024-421e-9995-1f5dd2654294,True,81737.78,81737.85,-0.07000000000698492,8.563963941672666e-05
13ce9d38-9dc4-4a00-b668-9d9d86cd08db,True,667216.7000000004,667216.65,0.050000000395812094,7.49381784699349e-06
13da8b0f-1ad6-4c42-b32a-fb9be750d7fe,True,19737.309999999998,19737.37,-0.06000000000130967,0.0003039918692374398
145e4697-31aa-43f2-9ba7-bd5e21e81623,True,2663.75,2675.41,-11.659999999999854,0.4358210517266458
146b45ca-b478-46ad-9289-586b765af382,True,91108.96000000002,91108.88,0.08000000001629815,8.780702826804384e-05
14e9bd54-29a9-4d85-914a-3ca1efcae0d3,True,903.08,904.05,-0.9699999999999136,0.10729495050051586
15227a0c-eb83-400e-b50c-3fee47435caa,True,65458.07,65458.01,0.059999999997671694,9.166181495232087e-05
1598b475-6a4e-4ad3-b0fb-b868096bf969,True,108579.19999999998,108579.25,-0.0500000000174623,4.6049314226670656e-05
15b2c0d8-606b-4b8b-9094-5d1dde4222ab,True,12739.189999999999,12739.24,-0.050000000001091394,0.00039248809191985863
15b9bc39-5802-4d5a-aac2-2d05b4ae2784,True,203276.67999999996,203276.75,-0.07000000003608875,3.443581227862446e-05
15ca4ab6-fe3d-4c73-b29e-55153c9596ec,True,52661.77,52661.69,0.07999999999447027,0.0001519130889921502
15ea30fd-448e-4fa5-a895-ec954f461b8b,True,6740111.590000001,6740111.51,0.08000000100582838,1.186923998024899e-06
15f53a36-9da9-48cb-96c2-fd9a379b6035,True,66379.56000000001,66379.51,0.0500000000174623,7.532444879069204e-05
16074f79-8da3-4d78-a2b0-698a77099136,True,18029.809999999998,18029.75,0.059999999997671694,0.0003327833164501543
16d357fc-71dc-46f6-8984-436b7b7fd769,True,31421.970000000005,31421.91,0.06000000000494765,0.000190949563552781
174f714f-ad98-4fb1-bc0c-afed27a7be4b,True,69304.32,69304.27,0.05000000000291038,7.214562681766993e-05
179bc569-f143-492b-924e-9140698e6cfe,True,90964.81000000001,90964.87,-0.05999999998311978,6.595952919310475e-05
17a4c0df-bcdb-4f8b-9e70-c87aba66721e,True,67467.24,67490.66,-23.419999999998254,0.0347010979000624
17b9b4b0-cef4-448c-876e-810174d1462f,True,1860.31,1878.55,-18.24000000000001,0.9709616459503346
17e3bd50-6f81-4df4-a1b2-95317808270e,True,1392432.4200000004,1392432.49,-0.06999999959953129,5.027173676443825e-06
191fb187-2b5b-4602-bd80-7ee1232560de,True,546203.77,546203.71,0.060000000055879354,1.0984912580670562e-05
194cc3c7-c486-4104-b885-3b59047080e1,True,615021.3800000004,615021.45,-0.06999999959953129,1.1381716783948153e-05
19961d92-1891-4b87-924f-88ad2563d078,True,781.74,785.83,-4.090000000000032,0.5204688036852795
19a9ecac-6ad8-4a87-976a-9f983692d36b,True,15443.550000000001,15443.2,0.3500000000003638,0.0022663696643206318
19b75992-9f0a-42ba-8958-b0224053ac8a,True,5520.97,5535.89,-14.920000000000073,0.26951402574834527
19e28053-d587-448e-b7f9-46125d9afb7f,True,19727.039999999997,19727.09,-0.05000000000291038,0.0002534585689167048
1a4eea8c-3448-4b9f-b922-562ad03217ac,True,1082459.5399999996,1082459.59,-0.050000000512227416,4.619110124215114e-06
1ab6834f-864d-4a5b-82b3-c83be632db71,True,5594.49,5607.12,-12.63000000000011,0.22524932585712645
1ac0fcbc-142d-4e3c-90d9-f19eb66f0225,True,124234.34999999998,124234.4,-0.0500000000174623,4.024650178812173e-05
1af8e1c8-9562-474f-8b08-7af9d8820a84,True,18001.890000000003,18001.61,0.2800000000024738,0.0015554164322106401
1b835751-37ef-4d95-b003-448a895185b9,True,372632.95,372515.85,117.10000000003492,0.03143490404503189
1c5edca7-375d-4df9-898d-fd3fb58ccbbb,True,6258.26,6258.2,0.06000000000040018,0.000958742130331408
1cfaf343-9eaf-4446-8938-0c733ca6b59d,True,71313.52000000005,71313.47,0.05000000004656613,7.011298152588301e-05
1d424592-b210-4813-8d97-e2fc5be6e5fe,True,344.94,345.06,-0.12000000000000455,0.03477656059815816
1d506b63-05c3-4976-ba74-35bd7e12a310,True,92988.14,92988.09,0.05000000000291038,5.377032693424543e-05
1dbab46b-ae5f-446f-85b2-04dee9d5f957,True,452834.83999999985,452834.89,-0.05000000016298145,1.10415520683447e-05
1e180c68-c524-439c-b3d8-4253f7c47498,True,993.16,989.96,3.199999999999932,0.3232453836518578
1f201980-855e-49a8-8c41-75542f730064,True,336582.47000000003,336582.53,-0.059999999997671694,1.782623714833675e-05
1f982b2d-3a54-4d42-9741-dedf50d10c38,True,235.04,249.71,-14.670000000000016,5.874814785150781
1fa0d4dd-1d5d-43a9-8be3-512bb4e39962,True,260.95,261.22,-0.27000000000003865,0.10336115151980653
1fdd2bc1-0e90-43bf-b49d-137b3095eb73,True,7696.47,7696.53,-0.05999999999949068,0.0007795720928716018
2005ebc6-f2f6-40df-9ecf-ab3379afcf8d,True,1082.41,1080.67,1.740000000000009,0.16101122451812386
201c3dee-55db-468d-a915-ecdb8d2c1933,True,845139.9600000001,845139.9,0.060000000055879354,7.099416328098975e-06
206cf069-a22f-4233-bb16-3c6ccc70e30c,True,72543.80999999998,72543.86,-0.0500000000174623,6.89238207306067e-05
206d1f9d-6dde-4619-865b-9e41222d6c52,True,1173.53,1179.36,-5.829999999999927,0.49433591100257157
20bc6ef9-66b3-4d1b-b676-7b281ba2acab,True,3818.7099999999996,3819.2,-0.49000000000023647,0.012829912023466604
217989e7-87b2-4eb0-929f-d476ba4bc951,True,565958.27,565958.21,0.060000000055879354,1.0601489473203216e-05
2191be63-f84b-4020-9071-d0e93c696e29,True,166589.09999999995,166589.2,-0.10000000006402843,6.002790100680502e-05
21f46645-7605-4f6e-b0b5-6f55784feaf7,True,88845.70000000001,88898.38,-52.679999999993015,0.059258672655219384
22b2ca99-ca8c-4ca5-a167-33b1ee54d105,True,246.54,245.59,0.9499999999999886,0.386823567734838
2328b73f-086b-4d7e-a7eb-9448903b19f4,True,25963.93,25963.99,-0.06000000000130967,0.00023108928944014256
254907ee-aecd-4e8d-9641-0100e4824560,True,22741.86,22741.75,0.11000000000058208,0.00048369188826973334
25984e6c-c790-49fe-bd5e-ae5d9f851014,True,1883.8,1883.64,0.15999999999985448,0.00849419209614653
259fd997-531f-4c4c-9a52-8267aa28371c,True,2816.35,2830.25,-13.900000000000091,0.49112269234166916
25da178b-0a43-4e4e-bff4-793b1e88443f,True,239177.86000000004,239177.92,-0.05999999996856786,2.508592765108412e-05
25f72897-2e1c-4c8f-9733-6ceb51d2eae1,True,24832.700000000008,24832.65,0.05000000000654836,0.00020134782234899762
2602083a-0759-42d4-9ebf-2f3ae93660e1,True,92663.56,92663.64,-0.08000000000174623,8.633375507561134e-05
26c8c9a0-f5b9-4f44-95d6-1d5833e834bd,True,303700.4400000001,303700.5,-0.05999999988125637,1.9756305926811568e-05
26cc4573-0b8c-4b03-ab99-4296bd16e1f5,True,7879.070000000002,7879.14,-0.06999999999788997,0.0008884218328128448
26d9bc29-f6ae-4214-b036-7e030ffa9267,True,2766.42,2766.33,0.09000000000014552,0.0032534079448274618
274be6c9-920e-4494-a350-ab1f382bb2ec,True,7994423.129999995,7994423.2,-0.0700000049546361,8.756104499776306e-07
2772385b-d1aa-4ae7-a41f-41f65dd1078b,True,267442.44000000006,267442.5,-0.05999999993946403,2.2434728937795615e-05
2782d6a4-2936-45ea-be1c-815ab1e48dff,True,103551.11999999998,103551.17,-0.0500000000174623,4.8285306691814586e-05
27aae16b-4a90-4b4b-b4a0-d3c422bdd5ca,True,133022.44999999995,133022.51,-0.060000000055879354,4.510514803538089e-05
27fb99f3-b894-4052-a353-19942bc39462,True,212537.4199999999,212537.34,0.07999999989988282,3.764044468604097e-05
28b428b5-8e04-42cf-bce6-b9fc14b8d093,True,85395.00999999997,85395.08,-0.07000000003608875,8.19719356619711e-05
28da1e3b-6001-4dc3-8aec-323e4fdd1d82,True,1079.01,1082.82,-3.8099999999999454,0.3518590347426115
28df8cf6-66d7-4008-8ad7-7c6f73baaac6,True,1836.01,1829.44,6.569999999999936,0.35912629001224067
28df8e13-74ca-4e80-9a8f-7e965018fe72,True,233602.43000000005,233602.5,-0.06999999994877726,2.9965432711027178e-05
2935c1be-dcb5-4e8b-947a-6f02ec4e8455,True,333760.32999999996,333760.39,-0.060000000055879354,1.7976968464076684e-05
29980d13-3408-4fc8-acee-84ba264c25fc,True,171672.78999999998,171672.84,-0.0500000000174623,2.912516622749545e-05
29a8f808-7de0-487d-ac17-d5e7389ed4a8,True,44.41,44.53,-0.12000000000000455,0.26948124859646205
2a0874ef-4ee6-427e-949c-16ccefcc3531,True,29836.679999999997,29869.64,-32.960000000002765,0.11034615750307927
2a4fc030-20f1-4c60-bd2b-2e6d2b7c812b,True,18525.93,18525.78,0.1500000000014552,0.0008096825073030943
2a5736cb-5b30-4d9e-9137-a8a8e5e26314,True,2794132.779999999,2794132.83,-0.05000000121071935,1.7894640037825023e-06
2a774da7-afeb-47ae-86b0-d6126ec1d732,True,43157.600000000006,43157.66,-0.059999999997671694,0.0001390251463996697
2a85cef4-35a8-492f-a6ce-af820d038051,True,2344598.6600000006,2344598.73,-0.06999999936670065,2.9855854850992198e-06
2abb9221-d42d-4729-98e3-1f24148a1ddf,True,101.75,101.59,0.1599999999999966,0.15749581651737038
2abbfec3-1e0e-43e5-a604-c6d4bad5330b,True,1098.88,1103.98,-5.099999999999909,0.46196489066830093
2ac42790-c44d-4da6-8779-10a4fb6d8860,True,27089.35000000001,27089.3,0.05000000001018634,0.0001845747214220609
2ae4f719-67a3-4fb2-8b64-4c1ec431f461,True,358893.2200000001,358945.39,-52.169999999925494,0.014534244331686636
2c84bc28-b5e3-409f-ac94-a0dd5f5b8a05,True,1790.83,1786.35,4.480000000000018,0.25079071850421353
2c85753a-1efc-4dd0-972b-eaa062a5b4ce,True,23592.16999999999,23592.22,-0.05000000001018634,0.00021193427329088292
2d35cc7e-4100-4727-aa68-5e7df6a5d83b,True,61.33,61.46,-0.13000000000000256,0.21151968760169632
2d87a6fc-74dc-4c84-8dac-4bd29a95b862,True,156517.06000000006,156517.0,0.060000000055879354,3.833449405232617e-05
2dd5984a-ccc8-46f4-b3f4-dd72b6ca74e0,True,66379.19,66379.14,0.05000000000291038,7.532486863028112e-05
2e368197-7c68-48f2-a684-62cac4327f21,True,336.03,335.01,1.0199999999999818,0.30446852332765645
2e9c9b37-18ed-46ec-b903-b928cba7608c,True,19143.81,19143.76,0.05000000000291038,0.00026118171144493235
2f5fdb28-4a3b-4b0e-969b-a8f333a8c6b0,True,365.99,366.7,-0.7099999999999795,0.193618761930728
2f6c34ad-dc00-4975-afc8-71aa59be7c65,True,75.0,75.13,-0.12999999999999545,0.1730334087581465
2faffb32-21a1-4598-9dba-24550da1bebe,True,458493.99999999994,458494.05,-0.05000000004656613,1.0905266937829647e-05
2fef30a8-8dd7-49ad-ba56-0237ef3090c8,True,87402.48000000004,87402.42,0.06000000004132744,6.864798485136617e-05
30164936-8a0a-4898-9c22-805be6e6417c,True,229475.53000000003,229475.65,-0.11999999996623956,5.229312999712151e-05
301fa7ca-2e84-4d18-b354-67ee96f4cb35,True,18882.46,18882.78,-0.31999999999970896,0.0016946657218889856
31009bbe-b677-4d48-997a-e72b772d001c,True,550338.5000000005,550338.44,0.06000000052154064,1.0902382272541357e-05
316164bf-aada-4b43-9169-5ad9876d6002,True,481843.18000000017,481843.12,0.060000000172294676,1.2452185718101502e-05
31dfc976-c9eb-496e-a272-f0fd6558a112,True,230498.47000000006,230498.55,-0.07999999992898665,3.4707376653339755e-05
3237fdb9-1e59-4702-a44f-6057fad13bad,True,454900.40000000014,454900.33,0.07000000012340024,1.5387986226213604e-05
328c63d8-c86d-43cb-8040-02968fd1f2a9,True,79950.87000000002,79950.95,-0.0799999999726424,0.00010006135008107146
32b96043-a15c-401a-b13f-2e3ac6149099,True,46185.290000000015,46185.23,0.06000000001222361,0.00012991166226134114
32bf86ca-ef4b-47cd-85aa-067b03e82e75,True,1578.16,1571.26,6.900000000000091,0.4391380166236072
32cc35ee-726e-4610-926a-2d5b58d1e477,True,190194.85000000015,190194.79,0.060000000143190846,3.1546605531724e-05
3348c64a-c3c7-436c-95ad-fdd619105709,True,9722.95,9722.46,0.4900000000016007,0.005039876739031076
3359754f-0a15-4594-8527-2520f799d61b,True,66.48,223.15,-156.67000000000002,70.20838001344387
33997e3e-0cc5-4cb5-8551-f3d32c6c34b0,True,271802.5500000001,271802.5,0.05000000010477379,1.839571015894769e-05
33e70ce6-1fba-4daf-8790-a118278401fc,True,38781.9,38781.84,0.06000000000494765,0.00015471158667290582
346787be-d85d-495b-b320-2ecd6cddbee8,True,195.46,239.84,-44.379999999999995,18.50400266844563
346ab958-c092-448d-839e-8f417b839a30,True,694844.3100000006,694844.24,0.07000000064726919,1.007420031966721e-05
34b3fac3-1635-47f2-8437-a9c5579eecd1,True,42371.61000000001,42371.67,-0.059999999990395736,0.00014160404815386255
34e361c0-4397-4d45-98cf-e76a851311dd,True,37.24,37.4,-0.1599999999999966,0.42780748663100693
353a5f77-3c8e-414a-b7a6-a1ffc0ef3a29,True,2916.32,2917.01,-0.6900000000000546,0.023654358401241495
3541c9a2-7c0e-48e6-9b21-e1b7273dc6bc,True,48885.68,48885.63,0.05000000000291038,0.00010227954514017798
3542e461-bd36-4fbd-b7a3-173923b5caba,True,98947.68999999996,98947.75,-0.06000000004132744,6.0638064070509373e-05
3548b912-0c2c-4cb1-b315-958ad879635d,True,134461.56999999998,134461.64,-0.07000000003608875,5.2059457281711524e-05
35675d10-e92d-4ac5-8155-e51fe8c243c1,True,64024.820000000014,64024.88,-0.05999999998311978,9.371356882374443e-05
356fc1e2-50e0-4862-9b5f-c9e2f35baea4,True,133324.18999999994,133324.25,-0.060000000055879354,4.50030658757723e-05
35d7c011-4690-464d-97ab-983d685ed3bc,True,138825.74,138825.82,-0.08000000001629815,5.762616782403889e-05
3614ebd3-914a-4392-84a7-b9727a173764,True,178299.19999999992,178299.25,-0.05000000007566996,2.8042742790937126e-05
36dc0649-ac9a-4580-a2d3-09a81321438a,True,336255.50999999995,336255.45,0.05999999993946403,1.784357694112141e-05
3715c800-a2a3-4565-a0ff-39b02ffe0984,True,101.25,100.87,0.37999999999999545,0.3767225141270898
3721d7bb-7772-4cea-9239-1d0d7ebc5851,True,7845.27,7845.69,-0.41999999999916326,0.0053532576484562
37721738-c8d7-4317-8832-faa3c92ba17d,True,77568.97,77567.85,1.1199999999953434,0.0014438971816227255
37962acd-b239-40a9-b0ea-39a8b068abc2,True,109425.45,109425.37,0.08000000000174623,7.310918848320662e-05
37bd2de6-eccb-4659-9d37-fcf0ff928c52,True,33.21,33.16,0.05000000000000426,0.1507840772014604
38269707-9c45-4bc9-839b-70382e82e9c7,True,30.07,218.54,-188.47,86.24050517067813
385fd94d-7286-443a-bf1e-5d312c1af399,True,51036.810000000005,51032.31,4.500000000007276,0.008817942985546365
3883ebe7-cc1a-4cfe-9202-ae16f8be6677,True,357185.28,357185.17,0.11000000004423782,3.079635138386004e-05
38944edf-0d8c-4f01-ac2d-bf2711e70ec1,True,375.1,375.98,-0.8799999999999955,0.23405500292568632
38ac4f15-1d10-4bbf-93dc-632569cf80dc,True,79823.88999999998,79823.96,-0.07000000002153683,8.76929684038938e-05
38c0e75a-2421-486b-aed5-7e6cee2440e6,True,28526.58,28530.37,-3.789999999997235,0.013284089901383106
39325164-67d0-4b2d-b2aa-0fb6d9c8d9fe,True,904.32,902.4,1.9200000000000728,0.2127659574468166
3932b45a-3ee3-4d89-aee2-b7da26d08cd2,True,73777.56000000001,73777.63,-0.069999999992433,9.487970810723115e-05
395d9450-0835-420d-bce2-596fa3b39b81,True,378.24,377.45,0.7900000000000205,0.20929924493310914
39f52b2f-c766-4e20-b711-189e51d26512,True,8070.85,8110.59,-39.73999999999978,0.4899766848034457
3a3d6239-3752-4e34-b40c-98472c7bfe2d,True,283953.17999999993,283953.12,0.05999999993946403,2.1130248521116456e-05
3a4a6a97-96fc-4614-b945-3569370d48f0,True,16219.3,16219.0,0.2999999999992724,0.0018496824711712954
3a508226-1a7a-48ea-9de6-2c37d27a8032,True,151250.84,151250.9,-0.059999999997671694,3.966918543801835e-05
3ab5c36b-c285-41bf-8bd7-f5d43f0ad5a8,True,34512.229999999996,34513.81,-1.5800000000017462,0.004577877666944757
3b9f53d0-b6c5-4487-9607-3210f3615ba5,True,407.89,406.36,1.5299999999999727,0.3765134363618399
3beb74cd-a1a8-4fc4-b555-03ca1a4a9d23,True,555.17,557.39,-2.2200000000000273,0.39828486338112046
3c0f962d-b360-4f4e-9195-e5064f54f44e,True,5679.120000000001,5681.09,-1.9699999999993452,0.03467644413306857
3c1da2dc-7bfa-4847-a21b-3452bea961c2,True,89701.01999999999,89700.96,0.05999999998311978,6.688891622020519e-05
3c63922c-c246-4896-94e4-d5c9911d0f79,True,16159.77,16210.77,-51.0,0.31460566031101544
3ca9357e-1a76-4a41-ac4e-510f460aa39e,True,106.01,105.89,0.12000000000000455,0.11332514873926203
3d0e5069-06ca-43a5-a68c-e0fe8e1e28c4,True,11806.3,11862.51,-56.210000000000946,0.47384575439768606
3d171a31-b8a4-492d-953c-463778fc5858,True,490241.6799999999,490241.54,0.13999999989755452,2.855735152462897e-05
3da81a3c-5205-4582-ae1b-12a8f255eaf7,True,250219.7599999999,250219.81,-0.05000000010477379,1.9982430689550036e-05
3e796316-3e45-4b9a-a19a-5245f55a1b76,True,13306.53,13255.67,50.86000000000058,0.3836848684374353
3e9c6cbf-bebd-48cb-aa10-ce6ea56c1713,True,153961.68,153961.62,0.059999999997671694,3.897075128052803e-05
3ea3df17-7ced-4795-989a-68754145890b,True,65900.93,65900.98,-0.05000000000291038,7.587140586211371e-05
3ee7c1c1-41c4-44c2-bbdb-31b9a5925659,True,124.29,123.75,0.5400000000000063,0.4363636363636414
3f0a39db-ad93-4148-8d58-94f2047ce82d,True,684.21,682.17,2.0400000000000773,0.2990456924227212
3f2e7722-6bc4-4c67-a4c3-4c08f315144a,True,9496.43,9491.6,4.829999999999927,0.05088710017278359
3f67aba7-ef6f-4a39-ab13-e57091ff0468,True,18301.99,18301.57,0.42000000000189175,0.0022948850836397735
4034f23c-4669-4cce-9923-99c9021dec2c,True,198375.6800000002,198375.74,-0.05999999979394488,3.0245633762447405e-05
40aa99e1-1936-40d4-b711-a4171bf25adb,True,338917.29000000015,338917.24,0.05000000016298145,1.4752864198640782e-05
40b5a99a-faf0-4a6a-a20b-1b028756280b,True,14230.069999999994,14230.13,-0.06000000000494765,0.00042164056129457466
4109784c-ff5a-4f4c-bb83-ac7fbaefdf9b,True,9732.61,9732.91,-0.2999999999992724,0.0030823258408766998
414c3b77-86a1-47bf-9fef-04e47243330a,True,87622.35999999999,87622.28,0.07999999998719431,9.130097959924612e-05
417a42f0-6032-4e62-bb3d-4f5419b12db5,True,2577.51,2579.47,-1.9599999999995816,0.07598460148788634
422fab9d-c2e5-439a-89b5-fcae52ada751,True,1636.04,1628.89,7.149999999999864,0.43894922309056245
42a76e83-0dcd-4e98-9c64-7c5ab12cdec7,True,968844.9599999998,968845.01,-0.05000000016298145,5.160784196326866e-06
42b57b88-c992-4f6f-8355-152b593e84a0,True,539.89,607.95,-68.06000000000006,11.19499958878198
430706ac-27ff-4925-a493-6f84c6751e71,True,10583.27,10567.21,16.06000000000131,0.15197956698126858
432b0418-3d6d-4bf9-bad2-3756c9667577,True,27724.45,27724.51,-0.059999999997671694,0.00021641500606384639
43a285d6-2ed7-4ff7-94cc-d189bc4b4f3f,True,642717.1999999998,642717.14,0.05999999982304871,9.335366382643648e-06
43e524b3-1940-44f3-9f62-952d5924dd8e,True,395354.37999999995,395354.3,0.07999999995809048,2.0235014506757732e-05
441c15c3-e2cf-4e6d-9bbb-dd6d31c05661,True,626.45,629.14,-2.689999999999941,0.4275677909527198
443e9796-2d14-44ca-86fb-790e7066c264,True,835390.1600000007,835390.22,-0.0599999992409721,7.18227216509335e-06
447b3d12-e926-411f-a07d-97966cf09ed4,True,55229.95000000002,55229.9,0.0500000000174623,9.053067272883401e-05
44988b67-7c2f-4afb-85e8-be4fe250af36,True,586.68,585.74,0.9399999999999409,0.16048075938128536
44bb3b54-b3e4-4a88-8601-3a2db6b47227,True,11083.400000000005,11083.35,0.05000000000472937,0.0004511271412048647
45366899-7add-43ec-b5e9-f7ed94a655ce,True,120.52,121.03,-0.5100000000000051,0.4213831281500497
4538663a-f396-4138-ac44-bb013ef72eb1,True,63.1,62.79,0.3100000000000023,0.49370918936136693
453d6bbc-e927-4073-88bb-0e720b9a7a98,True,2120.0099999999998,2120.26,-0.25000000000045475,0.011791006763342925
4551eb74-e9eb-4ac9-8682-c6f79b9eba63,True,82404.84,82404.78,0.059999999997671694,7.281131021485853e-05
46672feb-e24e-4617-a20d-43b7de9b830d,True,42363.12999999999,42363.2,-0.07000000000698492,0.0001652377535384129
46741064-f482-4fa4-9ec3-a2952ba125b2,True,1039.28,1043.73,-4.4500000000000455,0.42635547507497584
46b3e360-4a7c-4809-8a46-5d38131e0cad,True,5065.0,5087.1,-22.100000000000364,0.4344321912288015
47352ea0-922f-4b74-961d-88c7cda5cd78,True,366969.70999999996,366969.77,-0.060000000055879354,1.635012062597945e-05
4755fa34-b02c-4320-adb1-c2b1c8cbd984,True,1193907.689999999,1193907.78,-0.0900000010151416,7.53827075447499e-06
47a50e6b-8872-4393-9a89-57860c948238,True,240.31,240.0,0.3100000000000023,0.12916666666666762
4813ba44-380e-4fee-8f67-f5b6264247ef,True,96643.92,96643.86,0.059999999997671694,6.208361296586425e-05
48710cb0-5f74-4d1d-ac23-7d66d6cde060,True,16251.82,16201.25,50.56999999999971,0.31213640922768127
48e77291-3e34-416b-acda-8c04f2b136af,True,81174.89,81174.84,0.05000000000291038,6.159544016706455e-05
4974cb8f-472e-4db6-901c-dc9d49d18032,True,2563.47,2560.56,2.9099999999998545,0.1136470147155253
4a1124d5-7588-4a39-adf8-262ec697aea6,True,2371.93,2376.57,-4.640000000000327,0.1952393575615415
4a17e62a-e71d-4a6a-8f06-9a60b0cba82e,True,4577.83,4586.8,-8.970000000000255,0.19556117554722802
4a52b79e-4a88-410f-a1e1-b0669f436f11,True,40708.5,40708.56,-0.059999999997671694,0.00014738914861560246
4aa0787b-8d21-49cb-962c-41d956fb33ba,True,3964.12,3974.7,-10.579999999999927,0.2661836113417347
4adad8aa-1fe6-4230-8d0f-43b35c0b6919,True,1863.18,1865.39,-2.2100000000000364,0.11847388481765402
4b1c460b-665f-4a4d-a067-42ca6db3f540,True,993.94,990.43,3.5100000000001046,0.3543915269125637
4b662ebb-018f-4094-8ebd-4d78980a167b,True,31631.420000000006,31631.36,0.06000000000494765,0.0001896851732108504
4bb57079-a3da-4eae-ad11-95126e6d00f9,True,100.61,334.71,-234.09999999999997,69.94114307908337
4c1b10db-1e39-4493-813c-c1716076f1fa,True,66247.84,66247.77,0.069999999992433,0.00010566393403496147
4c894293-0a4e-4a73-b877-f07567326a1d,True,67099.47,67099.42,0.05000000000291038,7.451629239553842e-05
4dd92cd3-3eca-4126-ad85-7cb1916472ee,True,101475.58000000005,101475.52,0.06000000004132744,5.9127561052485807e-05
4dea0f58-3a06-46f4-a8f0-92be400b1865,True,65143.52999999999,65143.47,0.059999999990395736,9.210439663468301e-05
4e0b6d9b-1561-41de-bc8f-6f69381b47f5,True,1469.77,1467.88,1.8899999999998727,0.1287571191105453
4e1991ed-d900-40d8-bc1c-395af0297462,True,1444.57,1451.21,-6.6400000000001,0.45754921754950006
4e394d52-e2ab-4372-b0c6-81bb46e35968,True,7334.64,7370.31,-35.67000000000007,0.4839687882870608
4e441803-9157-4856-a30f-1fd0e95fd05c,True,934.74,933.75,0.9900000000000091,0.10602409638554315
4ec2a375-a223-4017-b7b9-807b6866d63d,True,443.09,442.52,0.5699999999999932,0.12880773750338814
4ecbc55f-dc07-4286-9564-3fa0ee3d6839,True,98144.15999999999,98144.1,0.05999999998311978,6.11345969682536e-05
4efb9fd9-1691-4679-ba1a-9ab86522131f,True,172.51,172.15,0.3599999999999852,0.20911995352889062
4f1c3ac0-7405-4d31-85c9-2ad52a6b89dd,True,520.87,518.59,2.2799999999999727,0.43965367631461705
4f2eb070-0a71-4223-9d4f-7e1ba445378c,True,71637.05000000002,71637.0,0.0500000000174623,6.979633432089884e-05
4f67abe3-baaa-44dc-8d4e-e9b7b2c45c1a,True,149495.44,149495.37,0.07000000000698492,4.6824192620135944e-05
4fa6e138-4253-4aec-a580-89010de9bfeb,True,230.32,230.42,-0.09999999999999432,0.04339901050255808
50854d8f-e4d0-4f1d-8e59-46608590efdc,True,175329.9899999998,175330.05,-0.06000000020139851,3.4221173268015675e-05
508a1be4-5b37-4928-bfc5-3dc98b0f45f8,True,9842.59,9842.74,-0.1499999999996362,0.001523965887543877
5103ac15-09bc-423e-b8f5-2cddc25816cb,True,30883.09,30883.15,-0.06000000000130967,0.0001942806999976028
51071fba-c698-4c55-a560-1623e4c64354,True,41382.58000000001,41382.53,0.05000000001018634,0.00012082393224915524
52022410-e343-43fc-aa20-c356caa575aa,True,37422.03999999999,37485.51,-63.47000000000844,0.16931875810148625
52511e60-470e-4c00-a6ce-416b638fcf66,True,153.81,154.16,-0.3499999999999943,0.2270368448365298
5333e564-d787-4fc5-b407-93334d8daaf5,True,19785.489999999998,19785.33,0.1599999999962165,0.0008086799664004415
53e6fad1-5738-4ecd-82a4-7eef1cd15b7e,True,58.64,58.93,-0.28999999999999915,0.49210928219921796
54158678-b603-48e5-bdfa-e6ceb1274691,True,382301.61000000004,382301.68,-0.06999999994877726,1.8310147093462223e-05
5425ef56-5f0c-4b9c-a3fb-23689a6844bb,True,153393.65000000002,153393.6,0.0500000000174623,3.25958840639129e-05
545cb6dd-33a9-4d5f-9af5-db070da91428,True,609363.4800000001,609363.41,0.07000000006519258,1.1487397982296406e-05
54c84f28-c482-4808-8d8b-97eea7c3f589,True,117479.43999999999,117479.38,0.05999999998311978,5.1072792504624874e-05
54dcc30c-79d4-4023-98e3-0d5c96cd3095,True,69103.89,69103.96,-0.07000000000698492,0.00010129665507878987
54eec8be-7f56-4769-9adb-c80aa155fc54,True,822483.5400000003,822483.49,0.05000000027939677,6.0791494160444214e-06
55a9d203-b632-411b-b4ce-3ab40f056253,True,82297.55000000002,82297.5,0.0500000000174623,6.075518699530641e-05
55d1782a-2711-4193-8193-586e99a423c9,True,188566.0200000002,188565.93,0.09000000020023435,4.7728664557926424e-05
56409241-d007-4b17-9bd2-ab68a88f0faf,True,1397.82,1396.01,1.8099999999999454,0.1296552316960441
5676a9a6-b47f-42a3-9d84-e9804bfaff1b,True,86357.37999999998,86357.43,-0.0500000000174623,5.7898897659949235e-05
56c79120-2607-4447-aa4b-4cd2b88c771b,True,286911.13,286987.66,-76.52999999996973,0.02666665179958251
57c6245e-50d9-4856-8251-aba66d7c4543,True,275614.23999999993,275651.62,-37.380000000062864,0.013560595072890506
57ecb0fd-6338-437e-a31a-76ba3dce9cc1,True,421277.50000000006,421277.44,0.060000000055879354,1.4242395713352075e-05
583f00bd-8916-44db-9c2e-e849b87fc49a,True,5967792.6000000015,5967792.69,-0.08999999891966581,1.5080952639403062e-06
586499fb-3233-453f-8d08-16f3874e0ce7,True,1054.99,1050.33,4.660000000000082,0.44367008464007335
588095ad-104f-4cb9-aa15-d94d485206c3,True,505335.56000000006,505335.62,-0.05999999993946403,1.187329718405048e-05
58aa1b13-1254-40f2-a480-bbbd4e78483d,True,351031.91000000003,351031.86,0.05000000004656613,1.4243721366649209e-05
58b48807-b924-48c0-973e-0ccec34d26ba,True,2365.11,2372.22,-7.109999999999673,0.29971925032246893
58ec558d-5f73-47d4-8890-d5e86396d9b1,True,687266.5700000002,687266.49,0.08000000019092113,1.1640317308489917e-05
59f518c9-edff-48f9-8c27-e43689c5015e,True,470685.18999999977,470685.12,0.06999999977415428,1.4871938117388177e-05
5a52497a-78eb-41c3-bd30-b3e0b5f84089,True,97.87,97.63,0.2400000000000091,0.2458260780497891
5a57baa7-9327-4f52-b497-5077693f9055,True,7625.629999999999,7625.68,-0.050000000001091394,0.0006556792312435271
5a7f0929-7cfb-48b5-8214-0a18d3592d2e,True,2672.12,2664.79,7.329999999999927,0.2750685795128294
5b0e0c40-ccc7-4d5a-ae46-1b5fcc832056,True,564.16,609.27,-45.110000000000014,7.403942422899538
5b1ee28c-813c-4a2c-93d7-ef2033f5ef98,True,5189044.999999998,5189045.07,-0.07000000216066837,1.348995840590538e-06
5b60e995-ece4-45d6-8533-5f0a2835b369,True,1578.3,1574.45,3.849999999999909,0.2445298358156759
5b79465a-fb92-4d0e-b814-22db754fc59f,True,1318.44,1315.67,2.769999999999982,0.21053911695181785
5b87db8e-892e-4cbe-8a83-c02bd03a8078,True,109265.36999999998,109265.43,-0.06000000001222361,5.4912152921764565e-05
5ba22fa0-4f78-4d35-9f52-d230dc6f526f,True,254805.90999999992,254805.84,0.06999999991967343,2.7471897786829937e-05
5c0bdb33-50d5-4454-9e99-0484161e2567,True,331567.4099999999,331567.46,-0.05000000010477379,1.5079887545289813e-05
5c9b98f0-7714-47e1-bb0d-1e93c6f60ac5,True,175514.6,175514.55,0.0500000000174623,2.8487666701969894e-05
5cb28f80-532e-4376-b4e6-8f9f881fd526,True,391.56,1073.7,-682.1400000000001,63.53171276892987
5cc8cc2a-480b-472e-b58f-617676958e57,True,12902.570000000003,12902.63,-0.059999999995852704,0.00046502147233434354
5d03f304-c7ca-4d74-a0b1-489360dd0f09,True,598520.8899999999,598520.82,0.06999999994877726,1.1695499573227422e-05
5d0e2d8d-1865-4b3a-a90c-81e1fa5a52f3,True,177106.38,177106.31,0.07000000000698492,3.952428346962054e-05
5d345f67-7043-4fd4-9049-c1a105a48cb5,True,76617.05999999994,76617.0,0.05999999993946403,7.831160178480499e-05
5d5fbe1e-b9d1-43af-addb-dd234c5f1f4c,True,456.81,455.11,1.6999999999999886,0.373536068203289
5d86df0f-8832-4b77-a288-2b2d39810b08,True,163.0,163.63,-0.6299999999999955,0.3850149728044952
5dcf14fc-abcc-46ac-97c7-2778da291825,True,231130.5,231130.56,-0.059999999997671694,2.595935388105826e-05
5e103cf9-0a42-4a01-9163-c3c8c253f67a,True,67149.51,67149.56,-0.05000000000291038,7.446065171969911e-05
5e59597e-3314-4417-abcd-6bd4792322d6,True,111614.13999999997,111614.05,0.08999999996740371,8.063500963131766e-05
5edf95df-219a-45ce-9681-a54577731a09,True,506992.36000000016,506992.31,0.05000000016298145,9.86208255564694e-06
5f1f4bf5-a0c9-4f86-bc6d-dfa00c641c74,True,1890.46,1889.84,0.6200000000001182,0.03280701011726486
5f21e97d-a2de-4f85-9052-56f6fb372a81,True,930.19,926.86,3.330000000000041,0.3592775607966727
5f24c90f-8840-4c1c-8ce0-bcc3d7c5a61f,True,1276815.0599999991,1276815.13,-0.07000000076368451,5.4823912341706445e-06
5f84591c-1e48-48e0-ae5e-e12b26743eb4,True,3347.34,3362.05,-14.710000000000036,0.4375306732499527
60c16851-4162-467d-a975-8a4620330c77,True,83138.48999999998,83138.55,-0.060000000026775524,7.216868712140821e-05
60dcd704-262b-464a-91de-36338e82e1fa,True,841506.8700000003,841506.95,-0.07999999960884452,9.50675447289467e-06
612b5777-607b-42df-89bf-fd468541c584,True,174474.62,174474.68,-0.059999999997671694,3.4388943999021344e-05
6152fdc2-d5ee-44e5-8127-8bb09c9ff918,True,3037.5,3025.74,11.760000000000218,0.38866525213667463
61c50f45-a2b2-49c3-8eca-4a372d460e20,True,51617.21000000001,51617.16,0.05000000000291038,9.686701089891497e-05
61f9bffa-03b4-4ed7-8398-6c1fb6b7702a,True,1933.4,1933.35,0.0500000000001819,0.002586184601866289
62259574-02ef-461c-b8cd-c0a9ded5ba8b,True,9396.14,9382.52,13.619999999998981,0.1451635594701528
62678e9d-4b1f-4436-9808-6d0918fb7de7,True,489.89,491.99,-2.1000000000000227,0.4268379438606522
62a534d6-40c1-4189-bea2-06db3cd6036d,True,196.9,195.94,0.960000000000008,0.4899459018066796
62c33c6b-a1ec-450c-b374-8df24a1b2367,True,3778.81,3768.45,10.360000000000127,0.27491408934708245
62f0b061-9295-4664-9bc9-6c585ea99ce7,True,32949.32,32949.02,0.3000000000029104,0.0009104974897672538
62f6557f-018a-445d-b1e3-e556f0fa43de,True,1274.94,1275.0,-0.05999999999994543,0.0047058823529368965
637d1922-c37b-4a79-8899-707e2c86590d,True,78897.90000000001,79265.59,-367.6899999999878,0.46387089277956267
64c807a3-a565-4125-9c72-9052e065f703,True,28279.75,28335.41,-55.659999999999854,0.19643266146492977
651bd45a-122f-448a-a0f3-26931a3985ce,True,38677.36,38677.31,0.05000000000291038,0.00012927476084275351
652f95c7-fea5-4032-9963-05846f25560a,True,1138.63,1136.21,2.4200000000000728,0.21298879608523713
655588ce-a175-4de2-a948-2774a6c4a843,True,1363.15,1359.58,3.5700000000001637,0.2625810912193592
65a92645-8d4b-4931-a2fe-e7055c9f7b72,True,6255.079999999998,6255.13,-0.05000000000200089,0.0007993438985600761
661ef2f4-7868-45a5-9bb0-8aa9f7166036,True,18780.350000000002,18775.22,5.130000000001019,0.027323248409344966
6633e3ff-5860-4f16-9a44-cc8efe302bb0,True,1943.75,1941.69,2.0599999999999454,0.10609314566176606
667fb7b0-0c0f-4a35-ae36-02ead8128a69,True,13166.55,13223.28,-56.73000000000138,0.4290160988801673
669649aa-c3e7-446f-b42f-d73712f56f81,True,141280.22000000003,141280.16,0.060000000026775524,4.2468808095047116e-05
67907a09-502e-4e46-b563-c546baf2a503,True,92451.42,92388.4,63.020000000004075,0.06821202661806469
67c84e15-bb6c-4c28-957a-dd7be8c23045,True,47467.48,47467.4,0.08000000000174623,0.00016853672204870338
6804594b-ec4e-44d3-abce-ebc261abb4e7,True,3131.36,3138.23,-6.869999999999891,0.21891320903821232
6804d293-89f0-4d23-9571-45353e53486f,True,612.01,611.36,0.6499999999999773,0.10632033499083637
68e57a9d-0236-481f-90ee-524e0d37efdf,True,6175.63,6175.69,-0.05999999999949068,0.0009715513570061107
69335eff-b9ac-4d2e-82b9-4a40ad9bd5b8,True,13984.960000000001,13982.08,2.8800000000010186,0.02059779374743256
694ab5f2-fd8f-4d42-8d39-27e15ee6fc37,True,59935.93000000001,59935.88,0.05000000001018634,8.342248417840256e-05
6980026f-8c17-4b1d-a851-0da23a557a8d,True,1797.1299999999999,1842.14,-45.01000000000022,2.4433539253259915
69ec9e96-3883-4451-8d54-af3bdd70435a,True,1162011.4900000005,1162011.57,-0.07999999960884452,6.884612999924305e-06
69f7be05-ce1f-4d46-a2a4-8e0d856812e3,True,180614.84000000008,180614.77,0.07000000009429641,3.8756520352292565e-05
6ba96efc-8fd5-4f4e-a022-46d1528ba910,True,8227.83,8262.6,-34.77000000000044,0.42081185099121865
6bd1a693-380c-4e6d-9277-4efdbfd1e8d1,True,284.5,284.03,0.4700000000000273,0.1654754779424805
6bd84c31-9aa5-47e7-8914-1a46b03fd714,True,18617.06,18617.01,0.05000000000291038,0.0002685715912647111
6c07d0d7-b3a1-4eae-a5e8-8bcc11fdcd4f,True,656.8,655.46,1.3399999999999181,0.20443657889114789
6c181a24-5d02-4d8d-ba30-c0ff5455bf1d,True,3852307.100000001,3852307.01,0.09000000124797225,2.336262427017006e-06
6c5f8466-4a00-4735-91f4-79c6ebc3d6a1,True,69728.34999999999,69754.36,-26.010000000009313,0.03728799174705254
6c6486bc-57e6-4d26-a05f-0a5f94af6480,True,29.26,29.2,0.060000000000002274,0.2054794520548023
6cc1c8a6-12a5-4eff-a9fe-cf69abef2b9c,True,272438.57,272438.51,0.059999999997671694,2.2023318215061332e-05
6d1f988e-dd36-4596-a639-c5de6aef3370,True,72769.1,72769.05,0.05000000000291038,6.87105300988681e-05
6d1fc394-57ac-41ef-8552-8b8b49d0a5db,True,20722.99,20823.93,-100.93999999999869,0.48473078808850534
6d51b2b1-1501-4df6-bb1c-5c162b05e674,True,724780.6000000002,724780.51,0.09000000020023435,1.2417552480851664e-05
6d72032c-ca8b-4053-b7fb-0f07145e2194,True,3352.91,3354.24,-1.3299999999999272,0.03965130700247828
6d894a02-8172-4c5e-89b0-a92f8c4dc0fc,True,77107.74,77107.82,-0.08000000000174623,0.00010375082579399368
6dfbd850-f6a0-43aa-ac9a-ff25355d407d,True,6807.109999999999,6807.16,-0.050000000001091394,0.0007345207105619876
6edad7fd-f2b6-45e1-bd07-51ed1ab4e8dd,True,402985.83,402984.37,1.4600000000209548,0.00036229692978438714
6f0d689a-9a87-4a60-9cfb-15063b1de604,True,693511.0100000002,693511.09,-0.07999999972525984,1.1535504028531086e-05
6f2d0751-549a-4596-9c9e-b0fe2c1e651d,True,338.53,338.14,0.38999999999998636,0.11533684272786017
6f4de324-c487-4ffc-89c5-54cc089d8090,True,1595.08,1590.12,4.960000000000036,0.3119261439388245
6f5d929a-fb46-495c-b32e-e2bce612d3b7,True,1195.18,1192.64,2.5399999999999636,0.21297290045612788
704dd1ff-6019-4f85-abfa-7403e86fd9e2,True,57955.98,57955.93,0.05000000000291038,8.627244874322676e-05
70e14879-d0f5-491d-a1c6-dd4a9900f459,True,27.740000000000002,27.87,-0.129999999999999,0.4664513814137029
7114ec8a-18fb-4d66-a0f4-545916781696,True,119033.74999999999,119033.69,0.05999999998311978,5.040589767747247e-05
714d9d17-2e9e-4827-a490-adb0fec7fef0,True,200489.82999999993,200489.88,-0.05000000007566996,2.4938914660266124e-05
7167825f-432e-4e75-b08b-5bfcc75f0846,True,4225.59,4202.63,22.960000000000036,0.54632456342814
719584bb-beab-4262-9726-47c977ab1c76,True,17592.31,17592.42,-0.1099999999969441,0.0006252692920982111
7204ed7a-92ac-41b2-a5e3-a581d0fc1ab0,True,5829.55,5856.59,-27.039999999999964,0.4617021167607765
7259f45d-e04f-4859-aa60-e0da13f2a74f,True,3939.39,3955.31,-15.920000000000073,0.4024968965770085
729b673b-744b-4fb4-ba17-c176a693c62d,True,939.16,938.89,0.2699999999999818,0.028757362417320645
72b041ea-1160-44b2-98cc-38f24e522238,True,254.81,253.6,1.210000000000008,0.4771293375394353
7327d0d4-a221-415e-a4af-ef993634ae32,True,290249.4600000003,290249.53,-0.06999999971594661,2.4117179351141966e-05
732d32d1-247f-48d7-a9fc-03d2f827e260,True,3924.48,3907.01,17.4699999999998,0.4471450034681201
73c515fd-4821-481b-ae57-782285c215a8,True,8008.6100000000015,8008.56,0.050000000001091394,0.0006243319648112942
73df74ec-dc78-4bdd-a657-6897e4954da4,True,37240.42000000001,37240.5,-0.07999999998719431,0.00021481988691664805
74c19376-df69-455b-a946-aa37872a0e21,True,22945.860000000004,22945.8,0.06000000000494765,0.00026148576212181595
74f40c80-59fc-4ac5-948a-bac9290f6c8d,True,348.13,350.02,-1.8899999999999864,0.5399691446203035
750527dd-9034-4823-b3bb-34526cee7b26,True,458699.79000000004,458699.74,0.05000000004656613,1.0900376801296232e-05
751fa981-e6c8-4af4-9cdd-9b240de404d8,True,277407.86000000004,277407.93,-0.06999999994877726,2.523359730515896e-05
757b4f00-82ed-4f73-b871-93a7e171d72f,True,91963.73999999998,91963.79,-0.0500000000174623,5.43692251237822e-05
759507c8-27db-4e5b-a784-322127793871,True,286084.1700000001,286084.08,0.09000000008381903,3.145928290865365e-05
759f1678-5233-44cd-8b06-dc2fb7c51c86,True,846.86,845.08,1.7799999999999727,0.21063094618260667
75a40818-a948-4622-94d2-20102b86519b,True,237439.78999999995,237439.85,-0.060000000055879354,2.526955776626348e-05
75f70e27-44d2-4f77-b4ab-10b45c1ec257,True,756.19,760.08,-3.8899999999999864,0.5117882328175963
764dec21-c49a-4766-95f1-9ce7e75cf786,True,10449.28,10468.31,-19.029999999998836,0.1817867449473586
766c7795-00bd-4f61-ad03-7252bf81eb74,True,83765.50999999998,83765.45,0.05999999998311978,7.162857715576026e-05
76e8fe60-02eb-43bb-9b6d-3c95e4115986,True,937721.22,937721.13,0.08999999996740371,9.597736159299697e-06
770a1436-d758-43b6-94b4-365f295b0c09,True,3952.51,3942.8,9.710000000000036,0.24627168509688638
77951d48-8292-4293-8210-79372834088b,True,100069.13,100069.05,0.08000000000174623,7.99447981186453e-05
782848f2-13f0-4194-b41d-27acce1be1e0,True,342508.0600000003,342508.0,0.06000000028871,1.7517839083673957e-05
78405378-fd9a-433f-aba4-85d54adf4a0c,True,9567.279999999999,9572.24,-4.960000000000946,0.05181650272037628
787146c5-bf10-40dc-91ce-792cf7e0638e,True,15995.52,15999.33,-3.8099999999994907,0.023813497190191657
787c3539-858a-47e3-a9c7-df78aff6d69e,True,136556.09999999998,136497.28,58.81999999997788,0.0430924337832797
78db462c-c341-475d-9d0a-c9ed9c89b5b0,True,205074.1299999999,205074.18,-0.05000000010477379,2.4381421446997275e-05
795da636-68d2-4044-b58e-a77fcbca255b,True,368542.0399999999,368434.44,107.59999999991851,0.02920465307204139
79ad8691-7082-49af-8879-d3d94f43eaa4,True,829957.3699999999,829957.43,-0.060000000172294676,7.229286467414921e-06
79e5aa9b-3a01-42cf-8a42-b78e3eed236a,True,340447.4900000001,340447.43,0.060000000114087015,1.7623866367294068e-05
7acaac99-7b11-4c8e-b1d3-8187bd9b8d0b,True,1677.44,1684.32,-6.879999999999882,0.40847344922579326
7acf3808-fd32-406e-9c93-f687d138c793,True,143760.95,143760.9,0.0500000000174623,3.477997147865817e-05
7b37332f-ad9f-4feb-9469-4788dabf7093,True,54924.54,54924.6,-0.059999999997671694,0.0001092406681116871
7b79722e-1cab-49b3-ba73-1b3fedeaefc0,True,1662.93,1670.95,-8.019999999999982,0.4799664861306431
7b97e21b-5395-4aa8-8257-6f8fcdf92d97,True,76103.22,76103.28,-0.059999999997671694,7.8840228696676e-05
7b9df457-ca87-494c-ac97-c834f30761f1,True,78757.61000000012,78757.7,-0.08999999988009222,0.00011427454062281177
7baf0a29-1a22-4e91-b7db-9ed6341dda98,True,820.86,820.93,-0.06999999999993634,0.008526914596851905
7cec401e-1c5f-440b-8dfa-9460a81fba2c,True,10606.48,10655.31,-48.82999999999993,0.45826916344995994
7d08458d-d2b0-47cc-af4a-b992685ead14,True,465436.37000000005,465350.07,86.30000000004657,0.018545178256886598
7d10bd46-a937-49a0-8511-393f91c19ed7,True,1507.2900000000002,1507.08,0.21000000000026375,0.013934230432376767
7d6a95f1-1cee-4212-9fa2-b0e0ff5728be,True,11274.68,11274.74,-0.05999999999949068,0.0005321630476577791
7e35e283-0fa4-401b-b9ba-28dfbfe025e3,True,342478.1499999999,342478.08,0.0699999998905696,2.043926428534334e-05
7e55b15f-ef34-40ab-a226-7d99cde0ed34,True,165672.91,165672.97,-0.059999999997671694,3.6215925867491654e-05
7e5a03a0-1581-48ad-b5fa-307f7907351f,True,84972.01000000002,84971.95,0.060000000026775524,7.061153713287212e-05
7e841285-4575-4e4e-ad07-6cc7eca7ad23,True,850.85,852.43,-1.5799999999999272,0.18535246295882682
7eb7d9bf-f379-4402-8e30-82ac0cafc281,True,226.7,227.21,-0.5100000000000193,0.2244619514986221
7f4aad5d-f51d-4c2f-98be-29d4574aad68,True,3669.67,3669.54,0.13000000000010914,0.003542678373859098
7f6bf681-becb-47c7-a5b8-c5a553e8207e,True,103728.78000000001,103728.71,0.07000000000698492,6.748372751091276e-05
7fc96620-43dc-4746-90fa-dfae2d9da2a4,True,1154.72,1153.37,1.3500000000001364,0.11704830193260936
800d5470-df43-4222-a0f4-f807145e8c76,True,30209.210000000014,30209.16,0.05000000001382432,0.0001655127120840974
80275ac9-37c3-461e-906c-4cd0708de316,True,3014230.0800000005,3014230.01,0.07000000076368451,2.3223178235055962e-06
80cdb89a-1a8b-4181-93bf-119a41bf51cd,True,2965.26,2976.23,-10.9699999999998,0.36858710516323673
8100fb20-0004-4406-825e-21bf8aeea40c,True,198128.43,198128.48,-0.0500000000174623,2.5236149804138353e-05
8120f2fe-4c02-4656-8ef0-ab3a1f336fae,True,558.09,609.01,-50.91999999999996,8.361110654997448
8166d5d4-f67c-486b-8815-3d23d0d98e25,True,2168.4300000000003,2212.58,-44.149999999999636,1.9954080756401864
816f5016-485f-4a26-b5cc-4f5704e3b0f8,True,248932.51000000004,248932.46,0.05000000004656613,2.008576946797783e-05
82134b72-8b78-4ad0-940f-0a1544b54a2d,True,429062.7700000002,429062.72,0.05000000022118911,1.1653307987510338e-05
825086ec-4320-4b49-9331-3ffc4512d28f,True,496.28,496.57,-0.29000000000002046,0.05840062831021215
82d61ca4-0567-43fd-9fe4-7d1506b752b6,True,28398.280000000013,28398.21,0.07000000001426088,0.00024649440938094645
831a94d4-3f99-46dd-8ed2-b56798f56920,True,446.85,445.44,1.410000000000025,0.3165409482758677
83420a1d-4d0f-46f0-ba26-d2706998e508,True,661.29,661.48,-0.19000000000005457,0.028723468585604185
83460412-24c7-46b7-a381-b2be72932cef,True,501110.03000000014,501109.96,0.07000000012340024,1.3968989984433803e-05
837ac768-8dfa-4295-a1f0-e6cf4d41c8be,True,152366.18999999997,152366.25,-0.060000000026775524,3.937879945642524e-05
83a14cec-a2c5-40f3-9c88-d105cebcbffb,True,721153.1100000003,721153.03,0.08000000030733645,1.1093345930660021e-05
84c2adf6-d9ba-4802-897d-d329423c302b,True,16229.87,16301.19,-71.31999999999971,0.4375140710586142
8505d6a9-bbcb-48b6-927f-7796b955611c,True,337033.9099999999,337033.85,0.05999999993946403,1.7802366124193175e-05
85a0dd35-04c9-4cf5-8762-3e7ac2b8df41,True,438.97,438.34,0.6300000000000523,0.1437240498243492
85a15796-5c24-4895-803f-c7c5fe881616,True,24951.86,25181.83,-229.97000000000116,0.9132378385526435
86061feb-85d0-4d29-9cd7-efd009a168d3,True,23193.78,23193.83,-0.05000000000291038,0.00021557457307788485
86ad9649-558c-45f7-a4d1-6f4f9f1f07d9,True,20236.070000000003,20236.02,0.05000000000291038,0.00024708415984423015
86bb1288-1407-43b9-b70e-c7d81db27307,True,43419.119999999995,43419.19,-0.07000000000698492,0.000161219037036354
8900ad49-93d1-4cc0-9e14-5c928bc3cd27,True,297551.23000000004,297641.55,-90.31999999994878,0.03034522565816123
892f8d62-0939-47a9-8571-5f7501b52967,True,164.65,164.39,0.2600000000000193,0.1581604720481899
89e11581-90c1-485e-959d-b9e87c550e3c,True,464145.9599999999,464145.9,0.05999999988125637,1.292696970527077e-05
89e866e5-0b57-498e-b052-afe431a073df,True,1414723.4799999993,1414723.4,0.07999999937601388,5.65481558981875e-06
8a227b4f-bd9f-4645-b5f6-1674b7f1a600,True,300839.06,300839.13,-0.07000000000698492,2.326824971438553e-05
8a72917b-add4-42c0-a2f1-8e98bcad7bcf,True,116227.49000000003,116227.44,0.050000000032014214,4.301910119676921e-05
8ab8bbae-f82a-4189-8f9d-87cf41e90e25,True,20930.76,20930.89,-0.13000000000101863,0.0006210916019386592
8af792a7-7aea-4bce-8724-5bd1ea65e48b,True,291328.1800000001,291328.25,-0.0699999998905696,2.402787916742355e-05
8c58f4fb-7053-42cd-a900-a9a3a612b9ea,True,104397.15999999993,104397.21,-0.05000000007566996,4.789400030486443e-05
8c738dba-d1e9-4f8a-9553-28ef04c20065,True,31000.06,31000.12,-0.059999999997671694,0.0001935476378726008
8cdc2f99-f057-4641-a50f-dcc212ce2450,True,58231.32999999998,58231.25,0.07999999997991836,0.00013738327784465962
8d642bc2-f9d2-44fd-9c87-024e2a627ff1,True,127847.84000000003,127847.79,0.050000000032014214,3.9109006133007237e-05
8e301c52-ec62-4961-98cb-f30b9e923843,True,390982.98,390983.04,-0.059999999997671694,1.5345934186217308e-05
8e35414e-da58-47f1-be5f-82f41b385106,True,4092.31,4101.52,-9.210000000000491,0.22455089820360477
8e35930d-533e-489f-a25f-7f4cd0db9be8,True,6204.06,6181.34,22.720000000000255,0.36755784344495296
8ea7a802-8fed-4a43-8291-7ef0e7ec2a15,True,69098.30999999998,69098.36,-0.0500000000174623,7.236061755657052e-05
8f1d9c60-cac8-4209-96e7-8f5cf2b755d3,True,3556.81,3548.9,7.9099999999998545,0.2228859646651034
8f2fee27-465b-4656-b8f4-1e671996b03b,True,124243.28,124243.22,0.059999999997671694,4.829237361819156e-05
8f9d0ca9-069d-4f5e-ae3f-54593e21a5e2,True,365.11,364.77,0.34000000000003183,0.09320941963429882
8ff0a242-71ac-48d8-8634-384bc2705636,True,7310.0,7274.51,35.48999999999978,0.4878679113782204
901c1358-d297-46c9-964a-73de61d1bd48,True,207611.72999999992,207611.67,0.0599999999103602,2.8900109473788342e-05
90e5e855-8c6f-4e8f-a3f3-5b2f53769954,True,912.21,908.06,4.150000000000091,0.45701825870538193
912a873b-582f-401c-be47-08e33e3d1afa,True,180349.62999999998,180349.71,-0.08000000001629815,4.435826374009592e-05
9164ce62-1c19-4356-80d4-cc8f024832d5,True,1820.65,1828.12,-7.4699999999998,0.4086165021989695
9195eddc-f023-490e-bd2b-f6cf87e91bc6,True,930.46,930.39,0.07000000000005002,0.007523726609276757
92054a06-2a9b-4b6c-a572-e2e746ca36af,True,15432.959999999997,15433.03,-0.07000000000334694,0.0004535726296349255
927fe735-2424-41b3-b296-815e63c4840b,True,1134.52,1202.88,-68.36000000000013,5.683027400904505
929206c4-c4dc-427c-adf1-0fe8d7b57691,True,155650.84999999998,155650.91,-0.060000000026775524,3.8547799063157115e-05
92d9fa4f-98fb-455f-92f2-6f3c7de706e2,True,45487.81000000001,45503.72,-15.90999999998894,0.034964174357588654
93b297ad-7d87-427a-a386-412d653a5d81,True,374.38,374.55,-0.17000000000001592,0.0453877986917677
93f2be6b-a8f3-4c41-9d1a-3f54738fd11d,True,7053.8,7084.68,-30.88000000000011,0.43587007458346894
94028b53-f3b9-4673-b0f3-47fe2be9e589,True,25639.12999999999,25639.18,-0.05000000001018634,0.0001950140371501208
9423d045-158f-48e1-8750-7964b8bbbc9a,True,107231.18999999999,107218.18,13.009999999994761,0.012134136207119691
942cc647-5d75-403e-a8e3-0aecd43bdae8,True,4274.21,4277.83,-3.619999999999891,0.08462234357138762
9466852e-9b70-4ca2-87fe-ed6baf244361,True,127919.70999999996,127919.76,-0.050000000032014214,3.908700268982229e-05
94fe76a9-d563-4748-acf0-c4b1df219237,True,827.67,826.63,1.0399999999999636,0.12581203198528526
95315c8e-91bd-43a5-b0c7-e14f50b48b01,True,333556.42,333556.5,-0.08000000001629815,2.3983942755214827e-05
953907a7-c22f-4c58-9feb-78e65439d76a,True,237.39,238.15,-0.7600000000000193,0.3191266008818053
953daf13-b700-4d4d-b906-b52774cf67f1,True,526.06,527.09,-1.0300000000000864,0.19541254814169998
957122cc-38e9-495d-ab7d-d194c4b95ae1,True,312156.0300000001,312155.97,0.060000000114087015,1.922116053525647e-05
960e02da-ea63-48d7-b368-106993166a72,True,1850.36,1841.91,8.449999999999818,0.4587629145832216
96220eaa-c0de-4545-a8d4-b5aae9ab0121,True,25637.55999999999,25637.61,-0.05000000001018634,0.0001950259794504493
964bcf7a-929a-4569-9685-0fe597fe7fbd,True,69764.59000000003,69764.54,0.050000000032014214,7.166964769210005e-05
96870ab7-ae61-4d79-ba8c-4eabfc70f5de,True,42857.14000000001,42857.09,0.05000000001018634,0.00011666681057950118
96d6d26d-89c3-421e-b5d7-fde0754139f5,True,108777.47,108777.42,0.05000000000291038,4.596542187055952e-05
96fde921-2ab5-4c1c-9bf9-d3673470a73b,True,3157.72,3149.76,7.959999999999582,0.2527176673778187
97c562a8-198e-4315-800d-774eb3713839,True,1777.62,1779.54,-1.9200000000000728,0.10789305101318727
9802734d-ab8b-4b2a-bc17-1daab96f019e,True,2602.12,2629.54,-27.420000000000073,1.0427679365972784
982a1093-83ff-4bd1-9c4d-21f6c88b0585,True,93201.01000000001,93201.08,-0.069999999992433,7.51064257972472e-05
982a19e2-4f69-47e2-9dfe-93fcfcf1fbde,True,57604.96000000003,57604.89,0.07000000002881279,0.00012151746150164125
98bc0ae5-d358-416c-866e-59e028ac0dbf,True,5586.5,5586.38,0.11999999999989086,0.002148081584136612
98d0ca11-6fe5-4f3b-8f07-37a4c1424277,True,237888.24999999997,237888.31,-0.060000000026775524,2.5221920331762214e-05
995f4fb6-5af3-49f7-8905-ec9401bd8f41,True,358612.41,358612.47,-0.059999999997671694,1.6731152711357668e-05
997ea4ea-d0c8-470f-ab24-837f9e4c32c1,True,998.61,994.47,4.139999999999986,0.41630215089444494
99dc49c9-0aa2-4241-b019-2e7b95e5af46,True,11163.92,11139.04,24.8799999999992,0.22335856590872458
99e090ea-c38e-4574-a305-6f53f5fa33a9,True,88858.13000000002,88858.07,0.06000000001222361,6.752341122446572e-05
9a649444-f028-4ad6-87ae-aec7bc32980f,True,6890.62,6900.69,-10.069999999999709,0.14592743624187884
9aa33a97-c8ea-4c4f-a5f8-10f2492a67c2,True,20805.899999999998,20805.84,0.059999999997671694,0.0002883805700595203
9ac1279f-02dd-48f5-b20c-972e28ff797c,True,235975.3200000001,235975.38,-0.0599999999103602,2.5426381307389018e-05
9b14cde7-02ab-4757-8aa7-351f1ee105bd,True,135580.82,135580.9,-0.07999999998719431,5.900536136520285e-05
9b3da98a-a46f-4f31-afd8-ab39b62c6a5f,True,236719.0,236719.06,-0.059999999997671694,2.5346501459439596e-05
9bead580-6f4e-4dc6-bad2-3f7f48e94e3c,True,181015.93999999997,181015.88,0.05999999996856786,3.314626317236248e-05
9cc772fc-1756-4651-9f08-562987e12189,True,43905.47000000001,43905.42,0.05000000001018634,0.0001138811563815728
9cf3a221-d899-46c8-9ff2-5b04ca820fec,True,12839.299999999997,12839.35,-0.05000000000291038,0.00038942781373597874
9d3839dc-ffc8-478e-9a80-f94ef910479b,True,13872.62,13871.36,1.2600000000002183,0.009083464058320296
9d6a7a34-d620-49fa-989a-2c64492e3ee7,True,3748.37,3749.86,-1.4900000000002365,0.03973481676649892
9d8e735d-4c52-4092-b067-99791564f321,True,120873.45000000001,120873.37,0.08000000001629815,6.618496697518912e-05
9e1a53f4-2fe1-45c2-9804-7b1bbb028aa4,True,48.04,48.24,-0.20000000000000284,0.41459369817579356
9e3ec8dc-cfd1-495f-bc68-6db29d956797,True,58132.80999999998,58132.87,-0.060000000019499566,0.00010321183182509235
9e503cd6-8e25-450f-822f-a8bdfca1c89f,True,324244.4700000001,324244.41,0.060000000114087015,1.8504559604924883e-05
9ec43857-c591-47f8-8218-76439280dcbf,True,49359.30000000002,49359.25,0.0500000000174623,0.00010129813564319209
9f47b6ba-325e-4b53-a4ea-c1a5acc610a9,True,169162.91,169162.97,-0.059999999997671694,3.546875536512021e-05
9fce6fce-5033-4874-baaf-f23dcb11411f,True,654.92,653.03,1.8899999999999864,0.28942008789795054
9fde0aa1-e192-41c2-8ed8-6e28f44421b3,True,76.53,798.37,-721.84,90.41421897115373
a00e2927-f2e9-44b7-bb4e-809d0f2b1892,True,20414.25,20413.27,0.9799999999995634,0.004800798696140125
a0cbd5c0-7f1b-4507-a133-de60fc3b01b9,True,10617.16,10623.31,-6.149999999999636,0.057891561104774655
a1f49ede-ee9d-4362-8582-99b23cdd8c31,True,715.26,911.53,-196.26999999999998,21.531929832260044
a2249b10-4489-4234-9437-593d717ddfa2,True,77198.30999999997,77198.24,0.06999999996332917,9.067564229874821e-05
a2515bb1-2fbc-4f3a-8a6d-33dbb955bf47,True,72270.89,72270.97,-0.08000000000174623,0.00011069451537975238
a254ef31-a44f-4699-98a8-a784ce941c36,True,23980.910000000007,23980.99,-0.07999999999447027,0.0003335975703858359
a2901bb8-bd09-4397-ac3b-aa27a96daa4b,True,6095.88,6083.07,12.8100000000004,0.21058445817655233
a2d0e3c2-c3b2-4d8f-8bae-f00649a5ac72,True,9628.239999999998,9628.29,-0.05000000000291038,0.0005193030122992803
a340342c-9075-4e42-b806-fbaa88a15479,True,26844.389999999996,26858.96,-14.570000000003347,0.05424632971642739
a3b7282c-804f-4cf1-b264-54e101504b1f,True,200874.5600000002,200874.62,-0.05999999979394488,2.9869378119517977e-05
a3d237a7-d859-4d5e-a112-2151e4db3ae4,True,600.04,602.31,-2.269999999999982,0.3768823363384274
a45a0dde-cfc8-406c-ad33-5ff2a0285b6b,True,416.5,414.77,1.7300000000000182,0.41709863297731714
a4b5e369-bb6a-40ee-bfaa-cb4386d14b7a,True,600.93,599.5,1.42999999999995,0.23853211009173475
a4cf3742-47af-4b3e-90aa-e0b9694f6a5f,True,267830.97000000003,267830.9,0.07000000000698492,2.6135893956591606e-05
a5301c6f-65a7-4985-8990-bc81d943e6ef,True,458.82,567.22,-108.40000000000003,19.110750678748992
a533856d-24f7-4b9d-9409-7f373da884c5,True,4164.25,4166.54,-2.2899999999999636,0.05496167083479251
a53d0b23-8e78-41ad-956a-4782d3f6a8f7,True,197115.1800000002,197115.13,0.05000000019208528,2.5365886521285952e-05
a59d3269-c1b1-463f-942b-517a54a736c5,True,4258.62,4244.71,13.909999999999854,0.3277020102668935
a5d83d50-08ce-4d58-ac00-98e78e45444a,True,2641.2200000000003,2641.17,0.0500000000001819,0.0018931004062662342
a5f548bb-f211-45ca-8107-67dc7b26391b,True,2315.38,2324.03,-8.650000000000091,0.37219829348158545
a64679cf-e2a0-4bbd-bb3a-dd8a078d7183,True,177.81,177.59,0.21999999999999886,0.12388084914691079
a6933699-1a9f-4a7e-a31f-8a869a50c7e3,True,232775.93000000005,232775.88,0.05000000004656613,2.147988874387077e-05
a69b820f-c14b-4bf2-bea9-5cae996dcb81,True,2810.8,2817.56,-6.7599999999997635,0.2399239057908177
a6a16ac8-7dc2-4d16-9b24-ac3649f2ef39,True,21695.579999999998,21701.84,-6.260000000002037,0.028845480383239565
a6d66863-9002-4e0f-ab05-d474df297193,True,362578.45,362578.39,0.059999999997671694,1.6548145629327687e-05
a7118d69-2d3e-4917-9d2f-9ef1f2efbb33,True,470.83,473.13,-2.3000000000000114,0.48612432101114106
a73db705-af10-4ce4-a99d-89cb33f3340b,True,9306.33,9343.88,-37.54999999999927,0.4018673185015141
a79ad98a-9921-4f48-ba1b-8fa5577cc7aa,True,356.44,357.14,-0.6999999999999886,0.19600156801254093
a81d2381-2853-4b65-b3e7-6de976da1127,True,758570.3800000004,758570.31,0.07000000029802322,9.227885586244895e-06
a871b0f7-e55b-41c7-91a0-d8ce6f6e4ea6,True,231250.00000000006,231249.94,0.060000000055879354,2.5945952702032854e-05
a8811ac0-e4bd-4945-9fd5-10d91621a560,True,65715.27000000002,65715.21,0.06000000001222361,9.13030636472494e-05
a883dbaf-2ea6-4b7c-87e9-d0bc4d1bdf17,True,13614.719999999998,13616.8,-2.0800000000017462,0.015275248222796446
a900e872-4575-469b-86e1-2d0140f7946d,True,9557.33,9550.92,6.4099999999998545,0.06711395342019255
a9a57e59-e4b7-45b8-b5ed-1844971edbd2,True,163678.47999999986,163678.41,0.06999999986146577,4.2766788766744353e-05
a9ca4bde-d66e-4bd9-a2f6-5bbd2f0e91db,True,527537.5099999998,527537.44,0.06999999983236194,1.3269200349526272e-05
aa1dfd23-e533-4d42-a018-1a3cfc18301f,True,61158.66000000001,61158.6,0.06000000001222361,9.810558124650272e-05
aaf85a77-6eba-48a9-a64f-d5215b2cd0ce,True,7796.37,7830.5,-34.13000000000011,0.4358597790690264
ab427114-cc34-4e69-a950-6ea5f1bbe36c,True,227404.76999999987,227404.7,0.06999999986146577,3.078212537448248e-05
ab483367-a6e3-43df-a8c0-495a5d644c61,True,401650.01999999996,401650.07,-0.05000000004656613,1.2448647163578517e-05
ab5a97b5-0495-44d3-af43-cdc276cb0a6c,True,248399.79,248399.74,0.0500000000174623,2.0128845552520428e-05
abd433cc-b3ea-4977-8578-4c91968cc3ab,True,43150.30999999999,43150.36,-0.05000000001018634,0.00011587388844539498
ac0edb3e-d51f-4d5b-99dc-e5badcf6ebc1,True,10072.21,10052.46,19.75,0.19646932193711789
acff0ad7-8ab1-4eaf-b31d-cc0aabc7634c,True,321525.66000000003,321525.72,-0.05999999993946403,1.8661026539172057e-05
ad28bd12-0b65-430d-8ab9-4ed14d1419bd,True,1050.36,1233.11,-182.75,14.820251234683038
ad3d983c-17be-4f3b-951e-e79a903d29c5,True,24643.17,24690.02,-46.85000000000218,0.18975278270330354
ad3e2a43-aa13-45ad-be4b-0079d349b4ab,True,184.06,184.13,-0.06999999999999318,0.0380166186933108
adfb248d-2ee3-4978-9d1b-576e00309019,True,8831.18,8831.29,-0.11000000000058208,0.0012455711453319058
ae6f90eb-4f17-4967-bbcf-d27739167f08,True,413507.4599999999,413507.52,-0.060000000114087015,1.4510014259012026e-05
ae91ca43-13f1-4839-8fe1-3f4a1fed9699,True,175880.91999999998,175880.99,-0.07000000000698492,3.979963952157929e-05
aeb091ea-3873-4903-a6c0-61ba39aa2df4,True,53605.57000000001,53605.64,-0.069999999992433,0.00013058327443237877
af558a54-4d0f-43b7-a03c-89e453cacd18,True,39431.83,39431.89,-0.059999999997671694,0.00015216110614447263
af737249-6948-4322-b073-111be50989d6,True,25.52,25.47,0.05000000000000071,0.19630938358853833
afbac956-dd6f-4468-a2c9-4acde033b5f9,True,45469.05999999998,45469.11,-0.0500000000174623,0.00010996476512837463
b01f7c5b-22c5-4203-9f2c-a70605b08304,True,4998.14,5000.12,-1.9799999999995634,0.03959904962280032
b02c3ec3-e990-41b4-baf1-e88238079a8c,True,57754.59000000001,57754.54,0.05000000001018634,8.657328066362635e-05
b13ab61c-0db2-4f74-abad-28b3f3c792f8,True,14512.94,14607.97,-95.02999999999884,0.6505352899821045
b1849b42-9f24-4f19-bf6a-1104d1c2780b,True,1638.19,1629.82,8.370000000000118,0.51355364396069
b2187efe-f1db-4b1d-929b-4f4a6294dda0,True,148803.91,148803.98,-0.07000000000698492,4.704175251695883e-05
b25e5149-5e51-4be5-88c5-e0d8aea380f7,True,173798.89999999994,173798.96,-0.060000000055879354,3.452264619758332e-05
b29ea79c-79fc-4b09-9b99-1b337edafabe,True,149209.48000000016,149209.57,-0.08999999985098839,6.031784680499272e-05
b32b4824-d24e-4c5b-b09b-124c930eaea6,True,557980.0300000003,558359.82,-379.789999999688,0.06801886281854738
b335561c-1d1e-4cee-8d83-f27caf875958,True,118907.76999999996,118907.82,-0.05000000004656613,4.204937912962001e-05
b33b2695-e9ab-4200-802b-c5a7ae924498,True,67101.3,67101.25,0.05000000000291038,7.451426017087668e-05
b33c8057-4465-4b18-b9b2-e8ccebff1cc3,True,548292.7100000003,548292.62,0.09000000031664968,1.6414592688964092e-05
b35d34ec-b3dc-4a2b-98bb-3b1ad8538515,True,156897.71000000005,156829.05,68.6600000000617,0.04378015425079837
b376df4a-a162-4b2a-909c-091017cb25eb,True,85980.61000000002,85980.56,0.0500000000174623,5.815268011450763e-05
b38d8256-f5d9-40b3-b08b-889318124279,True,5128.94,5121.15,7.789999999999964,0.15211427120861457
b398b1db-2128-4e05-8451-9a14d9ed72a9,True,129033.45999999999,129137.14,-103.68000000000757,0.08028674012759425
b3fde816-c649-4f81-a4e0-48aa7b1d11a9,True,19752.239999999998,19743.6,8.639999999999418,0.04376101622804057
b4238909-a63c-4427-bed9-b077936a533e,True,12294.419999999996,12294.36,0.059999999995852704,0.0004880286570090082
b4757b54-be0a-4287-bc9d-87f9c7cf6532,True,55236.10999999999,55236.16,-0.05000000001018634,9.052041273359035e-05
b4f2c9a7-1523-4da6-995a-bf6a2342b483,True,1456.86,1450.43,6.429999999999836,0.44331680949786173
b5165e1f-5e1d-450d-a45c-33b54ec45786,True,4490.9,4491.26,-0.3600000000005821,0.008015568014334108
b53d36c3-64f6-41ab-9c27-d361c3a0332c,True,96549.73,96549.68,0.05000000000291038,5.178681068949207e-05
b5540e08-521c-429e-b47b-cc2c56ce904d,True,6138200.010000003,6138200.09,-0.07999999728053808,1.3033136116052887e-06
b559f4ff-3531-4b89-b3d8-d70265e8970c,True,2559.52,2560.43,-0.9099999999998545,0.035540905238567524
b55fae65-1f24-46fd-8eb6-8290ce80a3d7,True,86.35,188.51,-102.16,54.19341149010663
b5b3f47f-0bdb-423f-9d71-cc9f2bb3b277,True,253.48,254.7,-1.2199999999999989,0.47899489595602623
b6961f62-f256-4094-8319-3a1d9acb90e1,True,77329.90000000001,77329.85,0.05000000000291038,6.465808481835976e-05
b6a6e928-ac02-4c0d-baa5-2f7562059f41,True,1549.79,1547.8,1.990000000000009,0.12856958263341578
b6d1ebce-d257-4c6c-ae48-fc4a047e9eea,True,277.93,531.67,-253.73999999999995,47.725092632648064
b6dadb7b-d713-4ed6-b5e4-b4161a6293e2,True,4906.41,4958.66,-52.25,1.0537120915731266
b7d5bbac-288e-4a23-b9a9-e6bf51ab7a7d,True,91522.73,91522.68,0.05000000000291038,5.463126735680204e-05
b7d64a50-f554-4cff-ab4c-40d2eca5be0d,True,1467548.2200000002,1467548.17,0.05000000027939677,3.4070432099954014e-06
b8ba4aeb-ce77-4fad-b3a3-4543834b42c2,True,23843.260000000006,23843.32,-0.059999999994033715,0.00025164280810740163
b8bc32a8-6c36-46ac-a212-d543dac79697,True,36007.62,36007.54,0.08000000000174623,0.00022217568876337074
b98b912e-06e5-4eaa-b5b6-c431bea8f53a,True,11183.499999999998,11180.1,3.399999999997817,0.03041117700197509
b99628bf-45ad-4dc9-8df4-7de5c7711870,True,42759.350000000006,42759.41,-0.059999999997671694,0.00014031999037795816
b9bb85fe-82e6-4f02-9995-659ba8467f91,True,17007.719999999998,17007.77,-0.05000000000291038,0.00029398327942411253
ba4f2cea-ac98-46ba-8c26-86c63e6cb9fa,True,34928.45,34928.38,0.06999999999970896,0.00020041009631625907
bab0e04d-756f-41d3-a859-0760199558ef,True,3853.97,3855.26,-1.2900000000004184,0.033460778261399184
bac94efd-dfb8-4b72-b920-ad577311741a,True,4538.85,4534.13,4.720000000000255,0.10409935312838967
bb0fab87-f60f-4d12-8c8a-d0e828b22668,True,172229.68000000005,172229.75,-0.06999999994877726,4.064338475134363e-05
bb5cce71-9948-4c23-8408-78c2663ecf82,True,84836.33000000003,84836.13,0.20000000002619345,0.00023574861326912651
bba98fda-2e4d-4740-ac47-4d4699d2d86e,True,2866.65,2873.07,-6.420000000000073,0.2234543537052725
bcc2f4cf-b9b9-4cd0-8333-944820d2eda2,True,8027.830000000002,8027.9,-0.06999999999788997,0.0008719590428118185
bce3c081-fd8f-44c9-9a1b-c57cf552e3f8,True,110824.88,110824.8,0.08000000000174623,7.218600890932917e-05
bced0b06-f360-4e32-ae4b-7c4ced59e640,True,614.75,616.55,-1.7999999999999545,0.29194712513177434
bcfd24a3-ffdd-46cc-bc97-1138de90a45d,True,368.61,720.63,-352.02,48.84892385829066
bd0a80b1-b503-4591-934b-cae8725e1dc4,True,2028.56,2027.45,1.1099999999999,0.05474857579717872
be120424-9ff8-4578-8bdb-cb3d992dda41,True,699473.75,699473.86,-0.10999999998603016,1.5726105902803882e-05
bf4e4712-be6e-4bbd-a042-10b35823b6d9,True,62899.3,62899.36,-0.059999999997671694,9.539047773724835e-05
bf67c688-96b0-4c9d-a8fe-1b58242a6761,True,174768.68000000002,174768.63,0.0500000000174623,2.860925328387726e-05
bf92bf68-c529-4d03-9e00-dd5d5ee18e8b,True,10210.92,10235.51,-24.590000000000146,0.24024205926231468
bfb285c9-7651-4b08-b48f-d0278f28108a,True,409.69,410.72,-1.0300000000000296,0.250779119594865
bfd5955c-f127-4290-8c34-d1d10de8cbc0,True,207.95,208.96,-1.0100000000000193,0.4833460949464105
c00225f6-76f6-49be-b6ed-794d1d96a5bc,True,68589.91,68589.85,0.059999999997671694,8.747649979941885e-05
c009d8d8-075e-4ca4-9b5c-96fe413996ca,True,155.12,154.48,0.6400000000000148,0.4142931123770163
c06ea506-e491-48dd-934f-4ab0b052aaf0,True,94608.47000000003,94608.42,0.050000000032014214,5.2849418721942734e-05
c0dc3f56-48da-4cff-a6f4-d09046b58877,True,8383.51,8406.35,-22.840000000000146,0.2716993701190189
c0ee5e53-6ac6-45b9-a4df-57a84392063a,True,10910.700000000003,10910.65,0.05000000000291038,0.000458267839247986
c139d219-2ca0-4291-aacd-3d3972af4fb0,True,365.17,1574.08,-1208.9099999999999,76.80105204309818
c16c5727-08a2-4cbf-821c-60a48b923242,True,290816.0900000001,290816.03,0.060000000055879354,2.063160000357592e-05
c18d8c2f-1a11-4d57-9b23-022fdb8a2581,True,355.02,354.62,0.39999999999997726,0.11279679657097098
c1ba2448-8069-4f92-bc78-bdf8c3a52a73,True,386.65,388.5,-1.8500000000000227,0.47619047619048205
c1bd2750-eaaf-415a-8d11-16466b8954dc,True,64127.880000000005,64127.18,0.7000000000043656,0.0010915808242376566
c247d630-9e1d-4bfa-aaed-0cacd0e4592f,True,109.82,829.21,-719.3900000000001,86.75606902955826
c2540ae8-6e6e-4549-9934-0308f14a876f,True,87.49,87.06,0.4299999999999926,0.49391224442912085
c3288a76-2aa3-4477-af91-4c11363cc911,True,34.31,34.48,-0.1699999999999946,0.4930394431554368
c38d2ca8-4836-4ea6-a902-87ef1847ce34,True,322929.2500000001,322929.36,-0.10999999986961484,3.4063177120102936e-05
c3c94a33-55ad-4fbc-a149-852e8edbecbb,True,130329.11999999992,130329.05,0.06999999991967343,5.3710204992419895e-05
c423a404-17ee-4866-aecf-c97df16f9a1f,True,24410.999999999996,24410.94,0.059999999997671694,0.00024579143612524424
c4a2cdc0-ea07-46c7-86f7-e887aef09a33,True,40392.369999999995,40392.42,-0.05000000000291038,0.00012378560136508382
c4f320e5-15b7-4afc-a319-f72c1dcfbe04,True,4012.7200000000003,4009.41,3.3100000000004,0.08255578750989298
c5385743-531f-4e96-9531-369dd1b08378,True,5783.5,5794.83,-11.329999999999927,0.19551910927499044
c57a77f6-b399-46d9-84a4-8120ada10586,True,461008.7899999998,461008.88,-0.09000000020023435,1.9522400566391336e-05
c5b6f5f3-3c59-47ff-8991-266bf0ad8578,True,3883.7299999999987,3883.79,-0.06000000000130967,0.0015448827048143612
c5ee3fdd-050e-4a33-8f88-f2a55d72039b,True,110384.92000000001,110385.0,-0.07999999998719431,7.247361506291101e-05
c60439ca-13f2-4828-9c5b-40019ce4252e,True,86782.30000000002,86782.25,0.0500000000174623,5.7615468621131974e-05
c6546bc4-a7a3-42a9-9d4e-cf90e261458c,True,63311.33999999999,63311.26,0.07999999998719431,0.0001263598291791923
c6a1ae69-141a-4e25-a105-261876dbec3e,True,3616.01,3614.06,1.9500000000002728,0.05395593875033267
c7309a25-d767-40e2-99af-2eb8d83777fc,True,219988.84000000003,219988.79,0.0500000000174623,2.2728430852073098e-05
c7c558d2-a4c6-43c2-b8ae-c6323dfc8945,True,101490.41000000002,101490.47,-0.05999999998311978,5.911885124102763e-05
c7d59735-b5fc-4242-95de-5cb82194db94,True,61749.780000000006,61749.71,0.07000000000698492,0.00011336085628092006
c8402e8b-b04b-4ece-adf0-733896cebc9d,True,12355.01,12356.59,-1.5799999999999272,0.012786699243075373
c87a69db-d9c9-4b73-a9e6-657bc0be0048,True,4108.57,4111.69,-3.119999999999891,0.0758812069976066
c8a2338e-f48c-4d93-b157-0b9b76398153,True,659359.4799999999,659359.55,-0.0700000001816079,1.0616362526577176e-05
c8b74c4c-a389-47cf-bc8c-7e60580a99b3,True,8403.26,8409.62,-6.360000000000582,0.0756276740209496
c8d5d413-c099-4994-bc3b-b66ad31ac942,True,340862.6400000001,340862.57,0.07000000006519258,2.053613574092121e-05
c8e73567-aaf0-491e-888f-8c47087ec42c,True,1102.96,1097.22,5.740000000000009,0.5231403000309882
c918da3e-024b-4b62-9546-7ba718161ced,True,921.7,926.47,-4.769999999999982,0.5148574697507725
ca2a0ff4-5d2c-474d-acca-c9451c11fc5a,True,124192.20000000001,124192.14,0.06000000001222361,4.831223619483778e-05
cab26a0a-5941-4610-b81c-8c88236c7b96,True,398692.51999999996,398691.16,1.3599999999860302,0.0003411161662039435
caea31dd-1868-47e2-8caf-26f4f18c7a58,True,143.5,142.95,0.5500000000000114,0.38474991255684604
cb373433-4830-42f8-88c6-c82f2a435e3a,True,113483.91999999998,113483.86,0.05999999998311978,5.287095449795221e-05
cbbb1797-ca8c-4600-baf0-f1be6dbbd3a3,True,10841.680000000002,10911.46,-69.77999999999702,0.6395111195018542
cc399050-b691-4abc-9e24-a2a99021ea79,True,53648.56,53648.49,0.06999999999970896,0.00013047897526977732
cc51cc67-4f34-43ec-8dc3-f6833a15b03f,True,432546.0300000001,432545.96,0.07000000006519258,1.6183251385631384e-05
cca83c50-83f9-4880-b272-229f860f062a,True,114385.74000000006,114385.68,0.06000000007043127,5.2454118444224206e-05
cd036e6e-456b-4b52-b759-430d5a0e09df,True,109451.96,109451.91,0.05000000000291038,4.568216306404372e-05
cd198ee0-931e-4a8d-996b-1b8c4892aa69,True,528.55,527.21,1.3399999999999181,0.25416816828207317
cd1f4d90-7efd-4886-bf56-a47152d17b1d,True,2025.44,2023.26,2.1800000000000637,0.1077469035121568
cdc0ba75-8bb8-46fd-8f84-5f9ea1a35bb4,True,2484.26,2485.63,-1.3699999999998909,0.055116811432107386
cde5662b-ef9d-4875-af6d-34ef8968df7e,True,4489.92,4489.87,0.0500000000001819,0.0011136179889435975
ce1e85db-d2eb-4825-9df2-8edc4ca53b2e,True,73362.31999999998,73362.37,-0.0500000000174623,6.815483199010924e-05
cea21887-a6ee-42ec-8688-d3bd2a9b72b8,True,2180.98,2180.5,0.4800000000000182,0.022013299701904066
cea54d58-cde3-4ec7-a514-896c0a5794a5,True,120460.77000000008,120460.84,-0.06999999991967343,5.811017084031078e-05
cfc86c04-c7d3-4826-843e-833b4b376d32,True,13871.85,13932.57,-60.719999999999345,0.4358133495830227
cfd3f12a-1d2d-499f-a854-b94c2036c8a3,True,2514.97,2519.5,-4.5300000000002,0.17979757888470727
d01a8fb7-350d-494f-8215-0e5477d0b3ab,True,12824.82,12824.88,-0.05999999999949068,0.00046784063476220197
d04084e6-6058-489f-b59b-7f6d8a56d2cb,True,45418.119999999995,45418.17,-0.05000000000291038,0.00011008809910859548
d07c1931-604d-47fa-881e-b14bb9f07b5f,True,30031.08,30031.14,-0.059999999997671694,0.00019979261525760158
d10bc2be-22f3-459b-93c5-bbdf480f479b,True,204.66,203.77,0.8899999999999864,0.43676694312214076
d11b70f3-535b-48f6-a923-89b3b00146fd,True,71117.80000000002,71117.75,0.0500000000174623,7.030593630628402e-05
d13a8177-d4ca-4a5c-a0b0-68925598e42e,True,329942.8199999999,329942.87,-0.05000000010477379,1.5154138686122781e-05
d14be941-dbe5-4474-8f86-0fc41c9833b0,True,9118.509999999998,9110.94,7.56999999999789,0.08308692626664087
d21198ea-53bb-4874-9e96-9ba43d3c7f74,True,348862.2899999997,348862.37,-0.08000000030733645,2.293167942055099e-05
d25ccbda-d260-45ae-be23-98eeebe1e0f7,True,9939.61,9939.56,0.050000000001091394,0.0005030403760437223
d2c03bc9-1580-4fcb-a521-cb3192cba227,True,8186.290000000001,8186.41,-0.11999999999898137,0.0014658440024257443
d437630b-1715-4ba5-9853-1ebf8eb8756d,True,325.52,324.55,0.9699999999999704,0.2988753658912249
d44d16a5-1d43-4fe1-a50b-e82d3fdbed4f,True,19084.91,19089.0,-4.0900000000001455,0.021425952119022186
d46bdae8-ecc3-411c-85c2-270cdca28eba,True,27548.26,27548.2,0.059999999997671694,0.00021780007404357345
d4b1bf19-6bf9-477d-a2fb-770da56a2faa,True,127609.37999999999,128011.11,-401.7300000000105,0.3138243235294268
d5295a46-b2a0-4de1-b0dd-2546a7ba204d,True,7539.480000000001,7539.43,0.050000000001091394,0.0006631801077945069
d68461f7-44e1-4320-81f3-af6f755b4070,True,112896.97,112896.91,0.059999999997671694,5.314583011853176e-05
d73f87f1-628d-4f3f-bc75-bd3dc06c714a,True,343475.10000000003,343475.04,0.060000000055879354,1.7468518252703125e-05
d7d44299-f68b-41be-a643-d172f4f63bb9,True,71767.33999999995,71767.27,0.06999999994877726,9.753749856832684e-05
d85b66f5-44ab-45b8-9eeb-9bdc7157572e,True,53327.069999999985,53327.16,-0.09000000001833541,0.00016876953510806765
d8a41f3a-3644-4be1-aac3-474f4209978c,True,153996.0,153996.06,-0.059999999997671694,3.8962035780442496e-05
d8f20440-d0b4-4434-b076-494d753237cd,True,41501.11,41501.16,-0.05000000000291038,0.00012047856012436853
d92c6ae2-5e99-423a-9a8b-9fb7e80eb6e4,True,204842.37000000002,204842.26,0.11000000001513399,5.3699856667825275e-05
d97129b8-2e49-40eb-8814-15a4b53eaa79,True,330.44,330.39,0.05000000000001137,0.015133629952483843
d9bf1f34-8c91-4537-be5b-0c005392eefd,True,3060805.189999999,3060805.25,-0.06000000098720193,1.960268494286003e-06
d9c5740c-ff98-4704-aad1-f1a607053c33,True,68893.51,68943.49,-49.98000000001048,0.07249415427041839
da37f92b-23d0-471f-8e9c-9ab4c987ca1b,True,60784.24,60784.18,0.059999999997671694,9.870989457729247e-05
db0c24ce-8f19-450e-befe-9891baa69a7b,True,8175.28,8191.3,-16.020000000000437,0.19557335221516042
db9c8124-cb86-43b1-98bf-ab12690c91c7,True,101465.27000000002,101465.2,0.07000000002153683,6.89891706925496e-05
dba439f1-e75d-40af-b9b7-9d8b614cfaa3,True,116996.01999999997,116996.08,-0.060000000026775524,5.128376953037702e-05
dbe39e10-9c07-4468-b40a-2c0fbc7ea487,True,65359.070000000014,65359.02,0.0500000000174623,7.650053507145961e-05
dbec770e-47e1-4250-a179-26bf30822fc6,True,1869.17,1866.81,2.3600000000001273,0.1264188642657864
dc3b626a-65cd-4a01-b94c-c810d9859a01,True,59769.46999999997,59769.52,-0.050000000024738256,8.36546788810388e-05
dc853bd9-8272-4974-8a64-2673b6101075,True,88297.00000000001,88296.95,0.0500000000174623,5.662709755825349e-05
dca5084e-db04-475e-aea5-1fa3bd0ec2a7,True,5368565.659999997,5368565.75,-0.09000000264495611,1.6764254520857106e-06
dcbd4a9e-ec25-4fed-a83d-0162ade69781,True,34198.72000000001,34198.67,0.05000000001018634,0.00014620451617032576
dcd53c1e-8f05-4fe3-82b3-bace17543ee3,True,39038.14999999999,39038.09,0.059999999990395736,0.0001536960440185361
dcee3f7a-f851-401b-b7cb-aa79c19e066f,True,369869.0800000001,369869.16,-0.07999999989988282,2.1629270172155697e-05
dd0a7812-761e-400a-ac80-22e9d2a21c2c,True,3721.94,3716.44,5.5,0.14799108824574053
dd5184d9-1a49-4330-a526-84bb7cc968e8,True,168686.16999999995,168686.24,-0.07000000003608875,4.1497160667099314e-05
dd5d47ba-3a00-4824-87e1-8f5804665bc2,True,79.89,80.1,-0.20999999999999375,0.26217228464418696
dd6473d8-053a-4d7e-b87f-7072f0bee10a,True,148646.21000000005,148646.28,-0.06999999994877726,4.709165944063804e-05
dd67f588-282a-448c-bcf4-5ee3629b6167,True,106.18,106.0,0.18000000000000682,0.1698113207547234
ddbe1c20-3ce2-467f-9a62-3f2c3eb08598,True,6630.16,6609.42,20.73999999999978,0.31379455383376725
ddc978de-a87f-49e8-a3d4-11110323b9bd,True,385768.7900000001,385768.73,0.060000000114087015,1.5553360199538987e-05
dde1a5e5-87dd-419d-bba8-acc609944385,True,1460.52,1465.87,-5.349999999999909,0.3649709728693479
de79aaaa-8b48-49fc-88c9-21d39f1c7f28,True,33794.78,33794.72,0.059999999997671694,0.00017754252734649583
de9425da-6422-4a40-8256-7b9a6a2e8c71,True,366375.7400000002,366375.83,-0.08999999979278073,2.4564939175376477e-05
deccd553-fc09-4c42-a4da-7e722076ab2c,True,37333.26,37293.34,39.92000000000553,0.10704324150104426
df1c60fe-ef36-4e4a-9229-caef291ea1be,True,189371.1900000001,189371.25,-0.0599999999103602,3.1683795671391615e-05
df24ff90-a55b-4f2a-96d9-09cc46e71a3a,True,4293.85,4294.29,-0.4399999999995998,0.010246164092308621
df7245e8-c13b-4413-9f4d-b9b8ec1d8109,True,862.17,863.86,-1.6900000000000546,0.19563355173292601
dfb74b4c-8c5b-424f-b6c5-a3e719af67fb,True,221537.3799999999,221537.26,0.11999999987892807,5.416696039254437e-05
dfca9883-5fee-40ad-bb1d-e5dc02a3054a,True,23645.100000000002,23645.17,-0.06999999999607098,0.00029604354714333196
dfea9f23-3a8c-47a1-9a89-20693f5a4a43,True,838.54,837.0,1.5399999999999636,0.18399044205495385
e0b363da-04d6-41e2-ade6-a50186e5f9dd,True,2529075.6899999985,2529075.75,-0.060000001452863216,2.372408238577402e-06
e1457b89-653a-473f-88b0-c4edea14e81c,True,54.11,54.2,-0.09000000000000341,0.16605166051661147
e1987aae-ecdb-42bc-a6e7-b772ba320cee,True,390738.17,390738.1,0.07000000000698492,1.7914813018486022e-05
e1c44114-2a52-4619-95b2-bd6c40fd9c05,True,174295.90000000005,174295.96,-0.05999999993946403,3.4424205781628006e-05
e1c6d43c-759b-43c0-bcee-944e5d263fb4,True,76548.22,76548.27,-0.05000000000291038,6.531826258504651e-05
e26cf0f0-4fc8-4e74-bb89-106b613f1c2e,True,20363.660000000003,20363.76,-0.09999999999490683,0.0004910684470594175
e283c800-bf16-4e65-bfaa-ed22342efe0d,True,7528.840000000001,7528.79,0.050000000001091394,0.0006641173415793427
e293270b-4ea9-4f5c-a9ce-d31f6fb3aae0,True,5922381.110000003,5922381.18,-0.06999999657273293,1.1819569603038104e-06
e2d04d03-714e-479e-887d-a6ecbcf712ed,True,98203.78000000001,98203.84,-0.05999999998311978,6.109740717177636e-05
e2edec0b-d303-4f0c-9811-74c0d40904d5,True,98694.92999999996,98694.87,0.05999999996856786,6.079343330465693e-05
e3b6e389-1088-4a00-b09d-7198be4c607a,True,918.8700000000001,917.65,1.220000000000141,0.13294829183241333
e3b87693-7c8a-49d7-95d3-bb1509c9a617,True,258493.16999999995,258493.26,-0.0900000000547152,3.481715540850667e-05
e3ceec45-65c5-4428-b9f8-47ebed74f925,True,52000.86000000001,52009.2,-8.339999999989232,0.01603562446641985
e3d37c22-c91f-4841-bfb7-c3b157cb2864,True,59281.99000000001,59281.94,0.05000000001018634,8.434271889581606e-05
e45e4afa-d547-46e3-ac41-dfcf82b6946d,True,76364.64999999997,76364.7,-0.050000000032014214,6.547527854101989e-05
e4899584-95c8-4328-a9c9-c5fb83560c62,True,434882.48,434882.53,-0.05000000004656613,1.1497357699461077e-05
e4c16c23-ad8a-48f4-ac2e-53d73010bf85,True,1224.09,1223.95,0.13999999999987267,0.011438375750633004
e52eca3a-ef15-4611-ac5e-5883ba5a635e,True,202280.66000000006,202280.56,0.10000000006402843,4.943628792802849e-05
e591acc1-186e-4487-81d6-39f58fd6fb43,True,876.1,876.21,-0.11000000000001364,0.012554068088701756
e6cbb86b-b86c-49a2-9f93-9d86b667a4f8,True,478546.3299999999,478546.25,0.07999999989988282,1.6717297418981512e-05
e6fc60e0-6895-4960-9221-9c3cdd67ae44,True,25249.149999999998,25249.09,0.059999999997671694,0.00023763232654195338
e78ea195-232e-4847-bf7c-e2a19ce35cf3,True,64998.14000000002,64998.08,0.060000000019499566,9.231041904545421e-05
e7f6d052-d627-40fb-9263-3da9a30c47c1,True,1568.09,1566.43,1.6599999999998545,0.1059734555645547
e87f5c12-0fa7-4f7e-aa35-11202559d9a3,True,312939.6899999999,312939.74,-0.05000000010477379,1.5977516982909803e-05
e8989839-40e4-4304-89d3-c4190443d7f3,True,57569.89000000002,57569.83,0.060000000019499566,0.00010422125620224963
e8b4a098-f9a5-4016-88dd-820e9458a77f,True,2798.87,2811.6,-12.730000000000018,0.45276710769668577
e8db3724-08c7-4967-8c2b-f4158a298675,True,140620.93,140620.86,0.07000000000698492,4.977924328366711e-05
e8f6d5dd-e1bc-4f8b-ab4e-512351a7218c,True,39675.33,39685.7,-10.369999999995343,0.02613031898138459
e9563ff3-c694-4696-83a7-af02724924c5,True,4815.669999999999,4815.45,0.21999999999934516,0.004568628061745946
e9627fda-5803-49f8-84b8-45e496b567f4,True,180487.6900000001,180487.78,-0.08999999990919605,4.986487168782067e-05
e96848cd-8af2-457f-b174-17119c9aced6,True,290338.5700000001,290338.51,0.060000000114087015,2.0665532834100104e-05
e9f0ce54-5657-4f90-a6a2-e90b498fea6b,True,50.43,50.67,-0.240000000000002,0.4736530491415078
ea127aaf-c46c-4aa6-b138-0055f95e66d6,True,74107.50000000001,74107.45,0.0500000000174623,6.74695999085953e-05
ea449767-5582-4179-9fa4-8f87e3f601cd,True,185741.48999999996,185741.43,0.05999999996856786,3.230297083885263e-05
eb269d52-d857-496a-a915-345108786e50,True,212.13,211.09,1.039999999999992,0.4926808470320679
eb6f348d-71b5-4a1b-b8fc-28cc4eafe692,True,1037.66,1038.79,-1.1299999999998818,0.10878040797465144
eb8f28a8-9ea7-4307-80e6-b010a5648a64,True,123558.26999999995,123558.21,0.05999999993946403,4.856010777386952e-05
ebce68b1-868d-48b0-9b4e-9cf9d84f814e,True,32504.439999999977,32504.49,-0.050000000024738256,0.00015382490242036795
ebcffd25-5f23-40ac-81d0-e3d46f5f72fb,True,585.59,588.42,-2.8299999999999272,0.48094898201963343
ec4b2411-1b27-44c9-87bf-9f8c3ffa8a0c,True,747.69,750.22,-2.5299999999999727,0.33723441123936615
ec82024f-3b60-4b02-8b94-846dc0ad537e,True,11162.640000000001,11162.59,0.050000000001091394,0.00044792471998963854
eccad717-a98f-42aa-a5fb-4c3f7f1d56fc,True,24027.409999999993,24027.46,-0.05000000000654836,0.00020809523772611987
ecd6011d-7f99-4a0d-a1c6-fcb4c2e85e62,True,370595.05999999994,370594.97,0.08999999996740371,2.428527294026784e-05
ed5e6c31-18aa-4bbe-9248-a6afc783b4fe,True,185.74,185.01,0.7300000000000182,0.394573266309939
ed6a5f72-fe40-47df-9bcc-5851baa69709,True,145691.99999999997,145692.05,-0.0500000000174623,3.431896250856673e-05
ed864b49-c198-45a5-9ccf-359f105064fc,True,527481.8300000002,527481.9,-0.06999999983236194,1.327059749962263e-05
ed9c56bc-ebf6-43ec-adc6-b739284ca3fe,True,1008.53,1009.75,-1.2200000000000273,0.12082198564001262
edc95b73-3311-4a2c-acd2-130e3330e02a,True,576875.1200000001,576875.07,0.05000000016298145,8.66738792560085e-06
edfa17f6-eb07-4c38-a607-f4401648733a,True,582.93,581.95,0.9799999999999045,0.1683993470229237
ee738b7c-7919-4a90-bdeb-08ca4a8ca84f,True,103.5,103.66,-0.1599999999999966,0.15435076210688461
ef63cfec-011d-4fee-bdf2-96017f7fa48e,True,4292.93,4291.83,1.1000000000003638,0.02563009252464249
efc72d3e-6306-42ca-ae38-d4dba0c6dc99,True,12045.3,12098.23,-52.93000000000029,0.4375020147575331
f0fb593a-fb48-4f2c-9007-c23e511fb09a,True,48925.890000000014,48925.82,0.07000000001426088,0.00014307373900787127
f12208c5-94d7-4c73-af8c-e6d11dc56baa,True,144596.18999999992,144596.24,-0.05000000007566996,3.4579045814517696e-05
f12be08e-dd4c-4016-88f0-9961df94a830,True,163826.24000000002,163826.19,0.0500000000174623,3.0520150665447504e-05
f1a2be90-9f84-4825-b67e-2d3df7d84de9,True,102.55,102.0,0.5499999999999972,0.539215686274507
f1c584d2-50cb-424f-a68e-4f67abe1bf2e,True,13562.57,13524.0,38.56999999999971,0.2851966873705983
f286c9fd-fc9a-45a1-bdc8-26d9f9f882aa,True,183.97,184.77,-0.8000000000000114,0.4329707203550421
f2a856e6-3ec1-46b5-b353-cbc895c32c73,True,13668.660000000003,13668.61,0.05000000000291038,0.00036580164334859495
f2e7f5a1-7ba7-4ea0-8214-0ac7225f1a23,True,79968.71000000004,79968.66,0.050000000032014214,6.25244940105464e-05
f319acf8-1e15-42ef-96ec-965734dbcdaa,True,4679.65,4699.03,-19.38000000000011,0.412425543144013
f3d65e78-0daa-4718-836f-e633eece4a37,True,106117.41,106117.46,-0.05000000000291038,4.711759968897708e-05
f3e27de8-0037-42ec-bbc7-e78cff656589,True,555155.4999999999,555155.57,-0.07000000006519258,1.2609078220217188e-05
f3f3b4d3-0b99-45a4-b53f-682a0865d466,True,4973.09,5000.08,-26.98999999999978,0.5397913633381822
f3f5fed0-4f3d-488f-a9df-a0b4378cee29,True,226385.1999999999,226385.11,0.08999999990919605,3.975526478273949e-05
f4a6b967-4d77-4e41-affa-91c8345279ee,True,39384.94000000001,39384.89,0.05000000001018634,0.00012695223983153525
f5049b09-a331-41bb-874a-83c9b59f22a1,True,1475.02,1472.94,2.0799999999999272,0.1412141702988531
f57d9783-c39b-45d6-87b0-8a42c90e1df0,True,87243.14,87243.09,0.05000000000291038,5.7311129171273484e-05
f5e03763-e4d6-4ea3-affd-f606f07ed006,True,290341.38000000006,290341.29,0.09000000008381903,3.0998002414268753e-05
f5fdefcb-623e-4876-a4cc-4eda77eb3ec4,True,12015.300000000001,12015.25,0.050000000001091394,0.0004161378248566729
f60ffb8f-3d52-471c-ac15-3357457de42e,True,52417.54999999999,52417.6,-0.05000000001018634,9.538780869438194e-05
f6454996-7064-41c0-86e5-9cf9135b5a98,True,42425.28999999999,42425.36,-0.07000000000698492,0.00016499565355953356
f6530661-aa55-494d-82f0-bff07baa1278,True,1027.66,2167.04,-1139.3799999999999,52.57770968694625
f679d926-14b7-4483-b225-ff3f040bd96a,True,844.01,841.88,2.1299999999999955,0.2530051788853513
f6841059-b1da-44e6-bc17-bce26d586801,True,71.67,71.54,0.12999999999999545,0.1817165222253221
f68f34e0-2c75-42c7-95eb-fa0316380878,True,2107402.63,2107402.56,0.06999999983236194,3.321624504070164e-06
f73aa87b-f3c9-42cc-8772-ccc781949c25,True,53848.689999999995,53914.79,-66.10000000000582,0.12260086703482628
f8415ea9-c881-4a4d-a362-2a311892f73c,True,14253.26,14268.64,-15.3799999999992,0.1077888292086646
f8c910b4-36b8-4439-b6cb-28e04de3dc9b,True,88078.02000000002,88077.96,0.06000000001222361,6.812146876724167e-05
f8cbe82e-19b6-4211-a936-0890b1169542,True,741.93,738.06,3.8700000000000045,0.5243476140151214
f8cdde7f-7196-4bed-9e7b-9fff2bce5f5f,True,485261.32000000007,485261.27,0.05000000004656613,1.030372773136544e-05
f9d349eb-66a7-4150-a40c-be63f2806bf7,True,258701.19,258578.59,122.60000000000582,0.04741305148272555
fa614d24-7660-4b95-af46-b711a4f84e0b,True,8662.230000000001,8620.17,42.06000000000131,0.4879254121438592
fa66c033-1702-4543-9e45-cacc01fcda00,True,971740.6800000005,971740.76,-0.0799999994924292,8.232648334359176e-06
faec5740-bb40-4aac-8da4-9a34d7586331,True,2042417.0700000005,2042417.13,-0.059999999357387424,2.937695658544904e-06
fb27ac86-5bc4-4b4e-b022-d0b22e20eb22,True,3098.41,3088.72,9.690000000000055,0.31372218912688926
fb628b06-071e-4230-9e5b-78c3a242049a,True,192679.90000000005,192679.83,0.07000000006519258,3.632969785430711e-05
fb98d5e2-e245-4612-b64b-54457c0645fa,True,2026.79,2017.55,9.240000000000009,0.4579812148397814
fc17f7ef-3119-4aa9-9bcb-921826ed5241,True,3041.08,3040.68,0.40000000000009095,0.01315495218175181
fc1e403e-3861-403b-ac28-4b0eaba7bd69,True,50367.99,50368.04,-0.05000000000291038,9.92692985530316e-05
fc3ab199-edbb-4170-955b-82dbb27ed401,True,154394.52999999988,154394.58,-0.05000000010477379,3.238455657237048e-05
fca1c375-fdf5-421a-a239-8a90f2f57d4d,True,1005.54,1003.44,2.099999999999909,0.20928007653670463
fcd0936c-bdaf-4691-bc2b-c91b5355b754,True,17415.73,17417.81,-2.0800000000017462,0.011941799801477603
fcdf1768-8a8c-4f55-a524-974f7a9631b8,True,145322.99000000008,145322.92,0.07000000006519258,4.816858900522544e-05
fcfb40c8-b39c-46cf-bce9-43365d190020,True,73004.47,73004.52,-0.05000000000291038,6.848891000572344e-05
fd05d879-6b95-42a8-a9de-8fe665c0cab4,True,188416.75999999998,188420.52,-3.7600000000093132,0.0019955363672753443
fd216bc2-bb82-491a-938e-7284c084eac5,True,32215.449999999997,32215.53,-0.08000000000174623,0.0002483274371141689
fd8fb51b-1ada-453d-99da-9b2e52be3593,True,22309.290000000008,22309.24,0.05000000000654836,0.0002241223816075687
fe2cdf31-ec72-4de5-ab98-df49dfbfef00,True,122190.84999999999,122190.79,0.059999999997671694,4.910353717957933e-05
fe3bf841-d02f-439c-a7cf-3a4f118032b1,True,24179.11,24153.47,25.639999999999418,0.10615451941273621
fe7be718-51c2-497c-96c9-a29d3085bfe8,True,27771.339999999997,27771.66,-0.32000000000334694,0.0011522537723828786
fec55f14-713e-45e7-816b-07c040b554f9,True,1403.3,1398.96,4.339999999999918,0.3102304569108422
fee92fc3-33ef-45a9-b80f-a621f9b8a50d,True,692.32,692.08,0.2400000000000091,0.034678071899203716
feefeed3-7519-4d17-983f-463b0cd57698,True,205.99,206.7,-0.7099999999999795,0.3434929850024091
ff4ced48-e440-498b-acb4-c7bab4a54a6b,True,5131.25,5144.1,-12.850000000000364,0.24980074259832358
ff5b84e3-92d5-4b0d-920d-d2d77e9f2565,True,1242.4,1238.24,4.160000000000082,0.33596071843908143
ff7aaeaf-9622-4cce-a333-5e6d131c71db,True,79905.92000000004,79905.86,0.06000000004132744,7.508836027961835e-05
ffa018e6-ff79-4f0b-a9dd-22ad4fff1aaf,True,773.18,769.26,3.919999999999959,0.5095806359358291
ffc55860-f134-4671-88a6-ce72d4c02df0,True,117103.40999999996,117103.47,-0.06000000004132744,5.12367396468503e-05
ffe121a0-5c66-4245-a43e-b32f690fdf80,True,348456.8899999999,348456.81,0.07999999989988282,2.295836890083532e-05
