NumeroContrato,HasDifferences,ValorFace_Internal,ValorFace_Fund,ValorFace_Difference,ValorFace_Diff_Percent,ValorAquisicao_Internal,ValorAquisicao_Fund,ValorAquisicao_Difference,ValorAquisicao_Diff_Percent
a3fefddd-5331-4232-951a-27c58cd2f599,True,78.08,359.42,-281.34000000000003,78.27611151299317,,,,
0008392a-c63e-43e1-8f69-2794b6ba120c,True,,,,,425.35,427.22,-1.8700000000000045,0.4377135901877264
00212a35-a704-461c-a775-35a838cfecb3,True,,,,,1586.93,1579.58,7.350000000000136,0.46531356436521965
00def672-7ed7-4b7a-898a-ff9f0eeddad4,True,,,,,11988.23,11939.2,49.029999999998836,0.41066403109085053
0131f4ef-e1de-4f1e-9e33-3ba6a326ca15,True,,,,,209.0,210.04,-1.039999999999992,0.4951437821367321
02a8ff5a-1a97-4110-9a23-031ad8396c7f,True,,,,,1318.86,1326.05,-7.190000000000055,0.5422118321330308
037c1e09-0a76-40d4-86e9-d125d779940f,True,,,,,11781.82,11736.52,45.29999999999927,0.38597471822992907
0464b9f9-07a7-4252-b4eb-fbf3ae3e685d,True,,,,,82.42,82.52,-0.09999999999999432,0.12118274357730771
04b15cb7-1481-4591-a4d0-868ac991afca,True,,,,,23703.57,23700.19,3.3800000000010186,0.014261489042919146
0584a2ef-6f96-4fc3-8134-cf2e0b901891,True,,,,,7816383.219999992,7816383.15,0.06999999191612005,8.955547671191125e-07
06882e1c-944b-4b2e-9b19-312a92686cbc,True,,,,,9170.08,9154.0,16.079999999999927,0.17566091326196118
07062dea-3220-4238-97a5-3d9ff7d4e4b9,True,,,,,3993.56,3981.96,11.599999999999909,0.29131382535233674
070e08c5-6954-4928-a469-cf536c470513,True,,,,,23819.37,23818.56,0.8099999999976717,0.0034007093627728613
075a7e7d-8f2a-4651-bef0-9823c5979c11,True,,,,,1592122.0100000005,1592121.96,0.050000000512227416,3.1404629650499526e-06
07d845b8-9d89-41cc-bc7c-ba65fcca10e4,True,,,,,373933.3300000001,373933.39,-0.05999999993946403,1.6045638486433114e-05
07f9c375-cc76-4fbf-80b4-63346dacbd63,True,,,,,696636.27,696636.21,0.060000000055879354,8.61281673197541e-06
084dddc5-9e50-4056-b0bf-684851a5eb86,True,,,,,42562.39,42551.38,11.010000000002037,0.025874601481789865
08c878b6-90c6-42c6-a241-ce77a1f22de5,True,,,,,657738.72,657738.66,0.05999999993946403,9.122164103819597e-06
0a60e70e-8367-4abb-be43-3498829160bc,True,,,,,74955.97,74990.09,-34.11999999999534,0.045499345313487885
0b60be5f-6f8c-42c5-80fc-98bb58174f71,True,,,,,933.4300000000001,932.58,0.8500000000000227,0.09114499560359676
0c4f17ed-6fbf-4658-b7c8-b8810e612891,True,,,,,478135.25000000006,478135.2,0.05000000004656613,1.0457293260685707e-05
0df8fa1a-04fa-4981-a08a-486a88480f9a,True,,,,,684435.09,684435.15,-0.060000000055879354,8.766352817484513e-06
0e2b05ee-f3aa-42df-8a9e-4787a8b26343,True,,,,,353.6,352.82,0.7800000000000296,0.22107590272661118
0e780ee0-093d-4f2c-8ccb-314f9c027e97,True,,,,,416235.02999999997,416235.08,-0.05000000004656613,1.2012442595315638e-05
0e7a84d4-524d-4166-8fd2-8a98f53c370e,True,,,,,1002.67,998.56,4.110000000000014,0.4115926934786106
114238b2-f8c7-4c08-bb0c-b8f199b93a8b,True,,,,,472521.5399999999,472582.61,-61.07000000006519,0.012922608387994894
115dec14-310e-4587-ad42-fc492e2c0599,True,,,,,24585.61,24565.6,20.010000000002037,0.08145536848276468
1209fe49-d730-46b0-998a-2f263aeec215,True,,,,,1701.07,1698.5,2.5699999999999363,0.15130997939357882
12fda863-a578-4d2b-9706-1eff67ef2cf6,True,,,,,4072.32,4073.64,-1.319999999999709,0.03240345244056198
130169a2-89d2-47d5-874c-1f76c72d9518,True,,,,,15191.21,15129.09,62.11999999999898,0.4105997122100469
132cb2ca-8b86-4ff1-a4e8-75ab0ab9cc05,True,,,,,660120.5599999998,660120.5,0.05999999982304871,9.089249587469062e-06
146963a1-1815-4635-bc8e-8aa755753d40,True,,,,,499258.0499999999,499258.1,-0.05000000010477379,1.001486007032711e-05
14bc98b8-db5d-4f01-9b52-6c298dd14390,True,,,,,8375.48,8349.93,25.549999999999272,0.30599058914265476
14de46ed-44b6-4efe-a61f-2e93e9044c75,True,,,,,251.88,251.58,0.29999999999998295,0.11924636298592213
15e603a1-4bc4-4d6c-a982-03b589b45d70,True,,,,,270.94,272.45,-1.509999999999991,0.5542301339695324
186eb8ea-bbaf-4d35-8ff5-ac9d3a81740b,True,,,,,13376.75,13391.62,-14.8700000000008,0.11103959043043932
190140a6-9a71-49e4-927e-02817eb432fc,True,,,,,21799.510000000002,21791.31,8.200000000000728,0.037629678986718686
19f320f5-92fd-4e60-9218-3b14ff0a96ab,True,,,,,5123061.72,5123061.84,-0.12000000011175871,2.3423492407376195e-06
1aa493a4-6a86-48f4-9cff-7e147ed8dae8,True,,,,,575.28,578.06,-2.7799999999999727,0.48091893575060946
1b6b59cd-18d0-4d71-af3c-8015b264b787,True,,,,,2668421.5500000003,2668421.63,-0.07999999960884452,2.9980269500680266e-06
1bb0f1b7-7e2d-4d2f-a082-abcb7dda0c85,True,,,,,2585.48,2575.55,9.929999999999836,0.3855487177496005
1bd71705-a03a-44e8-bd62-9bc63b7302ad,True,,,,,39160.01,39147.19,12.819999999999709,0.03274819980693303
1dd46e63-82ea-4348-9f59-b998e4e65576,True,,,,,2758.38,2755.09,3.2899999999999636,0.11941533670406278
1e47f338-44ca-4353-8fe2-787f5467a8ed,True,,,,,2911.76,2903.12,8.640000000000327,0.29761084626196393
1eaf6d79-2806-41ed-8ce4-daede2a89b15,True,,,,,19102.27,19109.55,-7.279999999998836,0.038096135178477965
1f04f208-5c8e-409f-93da-7ff888daa373,True,,,,,54.1,53.93,0.1700000000000017,0.31522343778973055
203e1f16-638c-45a9-be92-bc12b414b926,True,,,,,30138.619999999995,30108.75,29.869999999995343,0.09920704114250954
20a9f4ce-7617-4ccd-9d33-342ecfdac079,True,,,,,175897.87,175868.25,29.619999999995343,0.016842153145889233
2175eddb-16b4-4499-bb44-a6fcc5394511,True,,,,,2773.66,2767.72,5.940000000000055,0.21461708554333728
21fc872e-eb87-4bdd-bf6e-248f469afeb0,True,,,,,41161.16,41160.09,1.070000000006985,0.002599605588828851
2231e5a1-6dd6-44ec-a825-2fb3ebac011b,True,,,,,731.39,729.16,2.230000000000018,0.3058313676010777
24b038b7-ae6c-4671-8f0c-b609bc3284a3,True,,,,,321.57,322.98,-1.410000000000025,0.4365595392903663
25a85618-9cd7-4f66-8cc7-d433e1671f22,True,,,,,5161921.899999996,5161921.81,0.08999999612569809,1.7435366020334605e-06
25c56380-3cb9-4c34-8a57-ae5a870bdcb7,True,,,,,135998.98,135891.36,107.62000000002445,0.07919561626289151
279c276a-6575-4625-89a0-0aa403faac1d,True,,,,,56846.41,56846.47,-0.059999999997671694,0.00010554745087543993
280f5669-beff-40a6-903a-62987fef0d34,True,,,,,356024.54000000004,356028.74,-4.199999999953434,0.0011796800449181248
285f9ac0-6228-4dcb-bb32-6d4366698052,True,,,,,157.35,157.09,0.2599999999999909,0.16551021707300967
2980013e-c204-446e-81da-e82ce4879ecd,True,,,,,19771.56,19756.02,15.540000000000873,0.07865956807090128
2a335475-1c8d-4b42-840e-522f93d4ce26,True,,,,,879.99,884.85,-4.860000000000014,0.5492456348533665
2b100a82-972f-4be9-9a83-f80846a77aff,True,,,,,24419.73,24466.84,-47.11000000000058,0.1925463198353387
2bd99765-7503-48ca-bb42-e9f17455341b,True,,,,,38507.590000000004,38507.15,0.4400000000023283,0.0011426449373748207
2c61dcfb-45f1-47ab-8a01-4402c18c784c,True,,,,,852535.8800000001,852535.8,0.0800000000745058,9.38377016830329e-06
2d500323-7450-4864-a747-b5d7833fb579,True,,,,,248207.96999999994,248214.99,-7.02000000004773,0.0028281934141236717
2e605055-99e7-42fb-ac5e-8239360ee96c,True,,,,,3690.4,3702.34,-11.940000000000055,0.3224987440375561
2f726e15-4336-4892-b1d2-9b367ec3b33a,True,,,,,8797.23,8796.56,0.6700000000000728,0.007616613767200733
31698a7a-c469-4931-a0b2-69735f79d0ce,True,,,,,2183457.9300000006,2183457.86,0.07000000076368451,3.2059240549613594e-06
32d41aae-2374-4548-8af6-57efe83f7430,True,,,,,5361.44,5360.38,1.0599999999994907,0.019774717464050882
34874491-b07c-4361-afe1-503aa21d66aa,True,,,,,7915.31,7956.87,-41.55999999999949,0.5223159357888151
37025fd9-3b01-406b-9e63-0d6a08adc2ec,True,,,,,5611.82,5613.0,-1.180000000000291,0.021022626046682542
375551f3-5bd8-42fe-8dce-a5d5eaff68ae,True,,,,,3194.93,3190.89,4.039999999999964,0.12661044410806904
37997d91-ebdf-4fc1-825f-5740bb7d96c1,True,,,,,58211.07000000001,58211.13,-0.059999999990395736,0.00010307307209187614
399d0ae4-9f6d-44b8-8876-f36a379b243e,True,,,,,1369339.38,1369339.43,-0.05000000004656613,3.6513956255948996e-06
3aff157d-fbe7-446f-9096-97ae56535ac4,True,,,,,673636.0599999998,673636.0,0.05999999982304871,8.906887372861414e-06
3cef50bf-3c43-4aeb-acef-ed9c5bd38396,True,,,,,1270058.91,1270058.98,-0.07000000006519258,5.511555066930245e-06
3f30426e-b409-4601-96dc-a0bc2f64b744,True,,,,,7659232.980000001,7659232.92,0.060000001452863216,7.833682834763984e-07
3f6737af-82db-4f71-8d14-1e4c0178deae,True,,,,,3832568.690000002,3832568.63,0.060000001918524504,1.5655297454784132e-06
3fc70293-b144-4db3-8135-2f674c0fa320,True,,,,,1806.97,1816.81,-9.839999999999918,0.5416086437216835
3fde0899-56c3-4b46-aa45-20098af8cf78,True,,,,,2914460.0200000005,2914459.97,0.05000000027939677,1.7155837031241424e-06
4105551d-5db0-4282-8f57-2bac291a428a,True,,,,,4113.68,4115.51,-1.8299999999999272,0.04446593496310122
416ac534-f72d-4a57-83c5-51bcfb1698ba,True,,,,,3376.05,3362.1,13.950000000000273,0.4149192468992675
4227f1dc-fd94-41d8-b92c-5a8bf6fa2e28,True,,,,,898751.4500000002,898751.38,0.0700000001816079,7.788583332312423e-06
4396f725-894b-49c1-9cc9-b2cf0a98ffe6,True,,,,,218.26,218.32,-0.060000000000002274,0.027482594356908335
43c04a40-0cbf-4fbd-b3c8-115589e3c680,True,,,,,768.22,766.67,1.5500000000000682,0.20217303403029574
43e70588-d6d6-4d19-9c44-486bc9e3402b,True,,,,,545.92,547.74,-1.82000000000005,0.3322744367765819
4737c3a5-95e9-4d7d-a128-b192f95df34f,True,,,,,5834310.489999999,5834310.4,0.08999999891966581,1.5425987434550245e-06
489160b3-1d1a-47e7-b617-77ef91c75cb0,True,,,,,10533.810000000001,10540.52,-6.709999999999127,0.06365909841259375
48d9f2a9-f535-4160-afa9-399a4cbcb79b,True,,,,,40741.26999999999,40741.21,0.059999999990395736,0.0001472710309546421
4924a93a-9066-4ca5-82e1-ac19995bce78,True,,,,,7061.22,7060.17,1.050000000000182,0.014872163134884597
4a8b02e8-29aa-4fc0-8399-38ea7a3d6b67,True,,,,,3283.43,3266.8,16.629999999999654,0.5090608546589829
4b936cbd-b2d4-4abd-b86b-3499e6073180,True,,,,,46020.26000000001,46017.79,2.47000000000844,0.005367489399226778
4cceec97-21c8-47bc-bda0-a983e24318dd,True,,,,,4901917.619999998,4901917.71,-0.09000000171363354,1.8360161683259578e-06
4d9fd032-9d96-4ecf-9ced-f5f48420e797,True,,,,,14744.84,14669.4,75.44000000000051,0.5142677955471969
4f76ef49-97f1-406a-8275-755a42741847,True,,,,,18766.1,18688.52,77.57999999999811,0.4151211545911506
505afafa-ce99-4eaa-80dd-bb171dbc8deb,True,,,,,1356.08,1357.59,-1.509999999999991,0.11122651168614907
50722e90-7bb1-46e4-a964-c9e5132996b3,True,,,,,2442958.8600000003,2442958.8,0.06000000052154064,2.4560381665683697e-06
511bfc7f-73e2-41ad-8426-23adafc23b58,True,,,,,2245.47,2238.23,7.239999999999782,0.323469884685657
5297b955-7cb9-454d-aadf-64bb618c557a,True,,,,,14691.39,14684.68,6.709999999999127,0.045693879607857486
52e3582e-c976-4d0a-aa6d-2aacff5b87b5,True,,,,,14840.81,14793.62,47.18999999999869,0.3189888614145739
56e3241a-c261-4ccf-b4af-f8a002647bd5,True,,,,,2309.32,2298.33,10.990000000000236,0.4781732823397961
579b4afe-e70d-42da-ad6e-1bc26db29808,True,,,,,1832.16,1828.17,3.990000000000009,0.21825103792316955
58f17065-9de0-4ad9-aac7-dcd97609771b,True,,,,,749550.02,749550.1,-0.07999999995809048,1.0673069079450525e-05
590dca98-7654-4076-ae7c-3357b6621cd3,True,,,,,1162643.0899999999,1162643.14,-0.05000000004656613,4.300545741539071e-06
595888f8-d9e1-418a-b5b8-3589dfe2a46d,True,,,,,17242.43,17242.37,0.06000000000130967,0.0003479800050765044
5a0c4a74-3e18-4cfa-b267-19f664779f91,True,,,,,6058648.870000004,6058648.81,0.06000000424683094,9.903198902666047e-07
5c383687-dc01-4858-af94-fa735ad3825c,True,,,,,1600.43,1608.66,-8.230000000000018,0.5116059328882435
5d44d3db-1f79-4d33-8c86-7b907d5f6e11,True,,,,,6160.62,6188.73,-28.109999999999673,0.45421273831625675
5d577778-ceed-433a-b245-33359a7869a9,True,,,,,195.64,196.5,-0.8600000000000136,0.4376590330788873
5dc03181-2ea2-44b2-a00b-6d7a3364d8f2,True,,,,,2220.34,2226.5,-6.1599999999998545,0.276667415225684
5e5ea4eb-021f-4df7-ba4f-18d89df0bb62,True,,,,,11528.06,11578.84,-50.780000000000655,0.4385586120889541
5edad0d9-bd7c-445f-b27a-2c990ab0ba5c,True,,,,,282086.02,282104.11,-18.089999999967404,0.006412526212385705
5f036730-3c5f-48fc-a185-acbcce7f6969,True,,,,,14185.7,14185.25,0.4500000000007276,0.003172309264910577
5f6ea62a-9fca-40b4-82f8-627b09f97446,True,,,,,866.23,870.18,-3.949999999999932,0.453929072145985
5fb35525-2f44-46aa-ba7d-28edc87595da,True,,,,,34903.1,34883.16,19.939999999995052,0.05716225250233938
5ffe9379-7e7e-494b-ac26-5b274ae3ae2c,True,,,,,627.62,625.76,1.8600000000000136,0.2972385579135793
613ff96e-0c8b-42c5-b088-33b24b180c32,True,,,,,11659.399999999998,11651.73,7.669999999998254,0.06582713468298917
6192b774-2bd3-4983-999b-9875cf235dc1,True,,,,,523602.6200000001,523602.57,0.05000000010477379,9.549227404436496e-06
61f0a9ba-3bbd-4d6e-9615-8e3769c03a3d,True,,,,,759.28,759.52,-0.2400000000000091,0.03159890457130939
621a9479-9984-4e74-9060-0c9a8e8b8fec,True,,,,,25323.66,25269.43,54.22999999999956,0.21460713597417735
648c2c46-560b-4df9-94e5-e9656eb5e1f3,True,,,,,20163.079999999998,20177.36,-14.280000000002474,0.07077239044157646
651a414e-0de7-4ee0-b7cb-afa3373f1911,True,,,,,20952.41,20999.79,-47.38000000000102,0.22562130383209075
69d7157f-9908-45e9-b4a7-c2e09c2864d3,True,,,,,8653.95,8653.42,0.5300000000006548,0.006124746054168812
6b27ff2b-bab5-47fb-8101-f108afc80951,True,,,,,5945.05,5912.37,32.68000000000029,0.5527394259831555
6b4a7be5-621c-4a4e-9768-0985021d6493,True,,,,,5608595.830000001,5608595.89,-0.05999999865889549,1.0697864462988701e-06
6be804ea-030e-4a42-aeb3-088e4576fd85,True,,,,,1541.46,1535.77,5.690000000000055,0.37049818657742073
6e0c03a2-7997-4dfe-a3e9-13c817f6709a,True,,,,,571.65,570.39,1.259999999999991,0.22090148845526586
70fe7662-a53a-4d8d-8b6f-8152be6ae9f4,True,,,,,12338.62,12392.59,-53.969999999999345,0.4355021831594473
7148327e-5c08-4029-b065-d6787f5a9e14,True,,,,,20248.010000000002,20251.07,-3.0599999999976717,0.015110312689638975
7191b643-77f0-4de9-bd65-bde689cca0a7,True,,,,,26587.07,26594.45,-7.380000000001019,0.02775015087734854
71f83dc4-6516-4ee3-8642-fac0576894a5,True,,,,,2805.07,2792.57,12.5,0.4476163533949014
72239c21-98f4-42cd-a665-a95c77a1fe34,True,,,,,1017065.2300000004,1017065.18,0.050000000395812094,4.916105809050713e-06
7232c6fb-05de-4670-8cd0-5bc1dc6daa42,True,,,,,104142.72000000002,104108.8,33.920000000012806,0.032581299563545836
729f85f7-7294-4723-9230-b8dddbc83dfb,True,,,,,4506.41,4505.7,0.7100000000000364,0.015757817875136748
74fc4d6b-3f0c-4c9f-a22a-b64d3256526e,True,,,,,2324.93,2314.86,10.069999999999709,0.43501550849726156
75818bd4-e6c2-4404-a422-b88e3f1556ff,True,,,,,17189.850000000002,17196.24,-6.389999999999418,0.03715928598344416
758c960d-f173-4fdb-a4e9-faccb63b8870,True,,,,,3005.77,2989.01,16.759999999999764,0.5607207737678951
75f7db5b-7db6-4a98-af42-2ceb75ee06b7,True,,,,,3415.25,3401.68,13.570000000000164,0.3989205333835094
772471c7-47b9-40cf-93aa-6b068ae08553,True,,,,,1538380.6500000004,1538380.71,-0.05999999959021807,3.9002048842784865e-06
78572f05-25a6-4680-8db1-dd86217e38ff,True,,,,,266856.97,266798.98,57.98999999999069,0.02173546540544896
788243fd-077a-449c-b6ad-088172fb422a,True,,,,,8467.54,8420.75,46.79000000000087,0.5556512187156829
79ad55a6-f71c-40fc-9f01-15dd748029a6,True,,,,,40654.509999999995,40685.95,-31.44000000000233,0.07727483320409706
7b24f82c-9e2e-45e2-913b-9863d0a1de60,True,,,,,2147.76,2138.46,9.300000000000182,0.4348923992031734
7b306fab-5ae3-4a66-ba92-deb43b836b62,True,,,,,23291.699999999997,23277.31,14.38999999999578,0.06181985805058995
7b96f925-d58c-46ad-bec3-ece2513adfa3,True,,,,,65051.65,65052.06,-0.4099999999962165,0.0006302644374309077
7bef521e-993c-4d11-87c6-e5fcf4d90519,True,,,,,270410.78,270403.01,7.7700000000186265,0.002873488723375759
7e0800c5-5df4-4c0d-9dbd-2f719100d548,True,,,,,669.83,669.44,0.38999999999998636,0.05825764818355436
7e3bcd74-8fce-4d66-829a-333095d560d7,True,,,,,8020.910000000001,8018.38,2.530000000000655,0.03155250811261944
7f7fd5f2-e956-408f-8158-db65af7a659b,True,,,,,1385701.8199999998,1385701.89,-0.07000000006519258,5.051591584766661e-06
81e7184a-ab00-4a2f-ae45-aab0b85302ed,True,,,,,7430.88,7415.85,15.029999999999745,0.20267400230586843
824dc597-3814-483b-b8ba-3e2702c53e0b,True,,,,,2323921.4200000004,2323921.36,0.06000000052154064,2.5818429811902347e-06
827e14a4-3e08-42a1-9056-d8f61e0e902b,True,,,,,193511.00999999998,193510.94,0.06999999997788109,3.6173665415444256e-05
83a0f53a-2b92-42d2-b185-8f6de7c54f77,True,,,,,1529.33,1529.5,-0.17000000000007276,0.011114743380194362
84d211bd-35e8-4de1-93ab-f4228e770ed1,True,,,,,334.97,333.95,1.0200000000000387,0.30543494535111204
8cc8b591-8882-4766-8d41-f04822892e41,True,,,,,999.95,995.62,4.330000000000041,0.434904883389249
8dc0e310-c5ad-41ad-96f8-ee2e5088fdd5,True,,,,,1964198.2,1964198.15,0.05000000004656613,2.545568024619417e-06
9098c463-7a66-4bf6-a3dd-1136ca159cfe,True,,,,,6757.94,6791.45,-33.51000000000022,0.49341451383725443
90bf0083-10ec-4abf-9562-fcaed68cae5c,True,,,,,754796.1200000001,754796.07,0.05000000016298145,6.62430584236898e-06
9190a813-1af0-43e5-8966-158e13dd6c32,True,,,,,813189.9700000002,813189.91,0.060000000172294676,7.378350301013286e-06
920f8618-00ba-4742-a183-45a9c0383e5d,True,,,,,18300.53,18302.29,-1.7600000000020373,0.009616282989735367
939cec30-1af5-40d9-a2be-102e48bc6460,True,,,,,3996.67,3974.7,21.970000000000255,0.5527461192039715
93e19a64-94cb-4faf-8dd6-66c3f44c6157,True,,,,,56198.270000000004,56188.54,9.730000000003201,0.017316698387256906
9526f36f-c780-494f-b934-bc702d210911,True,,,,,758945.1900000002,758945.3,-0.10999999986961484,1.4493798152464327e-05
99117b94-7012-4e4c-b893-351c1142c938,True,,,,,330.2,329.02,1.1800000000000068,0.3586408121086885
99ee8ce2-8c95-4fd8-9151-4c663b723015,True,,,,,1836094.44,1836094.38,0.060000000055879354,3.267805876944047e-06
9acdefa8-31e0-49d3-841e-e3dd1946728c,True,,,,,9469158.6,9469158.46,0.1399999987334013,1.4784840630220195e-06
9c18ceff-2c87-4cbf-88a0-36612b5d433b,True,,,,,4561.98,4553.31,8.669999999999163,0.19041093182759714
9da35140-2472-4e7d-a695-333b93923c3b,True,,,,,5803673.6000000015,5803673.44,0.1600000010803342,2.756874636977062e-06
9dfc5e9e-e179-41d9-9ce0-378ef7d8c40f,True,,,,,1126.3,1124.97,1.3299999999999272,0.11822537489887973
9e65a186-436d-485c-9643-258e98d1613e,True,,,,,25814.190000000002,25813.95,0.2400000000016007,0.0009297298553751002
9f66ea93-0bbe-42f2-81a6-2ca4bdebdb68,True,,,,,30294.149999999994,30305.51,-11.36000000000422,0.03748493260797862
a02e90a2-d50c-47da-b234-f2cfc6620014,True,,,,,949601.9199999996,949601.97,-0.050000000395812094,5.265364013072982e-06
a03b3ab6-b2e8-4e1a-a435-d6c3f4a688be,True,,,,,10412.199999999999,10418.36,-6.1600000000016735,0.059126388414315424
a1f673eb-1069-4080-87d8-a001fe0bccbd,True,,,,,2085.7799999999997,2083.95,1.8299999999999272,0.08781400705390856
a354f473-5d57-41a0-bd62-82dde83dea65,True,,,,,3700420.590000004,3700420.65,-0.05999999586492777,1.6214371699857358e-06
a400006d-f9b4-4bec-a95f-4d40081899bc,True,,,,,6431.7699999999995,6430.6,1.1699999999991633,0.0181942587005748
a4f2f02b-90e0-4cf1-aec8-84374a95bcb2,True,,,,,702.52,704.59,-2.07000000000005,0.29378787663748424
a54a9643-c861-41bd-971e-bbb0465ba561,True,,,,,2960.78,2944.5,16.2800000000002,0.552895228391924
a7d5a6ff-219e-4e31-993d-c5fec48c1897,True,,,,,9004.65,8977.18,27.469999999999345,0.305998097398062
a90d5b3a-9cb1-43c3-9096-42f5fe3d0cb6,True,,,,,3561.6,3580.53,-18.93000000000029,0.5286926795753782
a93e07a7-f2c8-4c5a-9e40-29ae9c95db07,True,,,,,11179.84,11136.85,42.98999999999978,0.3860157944122421
a9bdede9-39aa-421f-87bd-4d9bbac8104d,True,,,,,3803165.3300000015,3803165.25,0.08000000147148967,2.103511054942713e-06
a9cb7f21-9338-4dbf-9687-7732bed39103,True,,,,,1267055.7699999996,1267055.69,0.07999999960884452,6.313850309834805e-06
a9d9db56-f4e0-4861-bebc-cbf2403327ca,True,,,,,1961908.6200000006,1961908.55,0.07000000053085387,3.5679543030103955e-06
aa67bf1c-5eaf-4165-bb5b-818ce3531919,True,,,,,860.23,863.82,-3.590000000000032,0.4155958417262892
aa974f1a-a41a-4f2d-900b-bb67f0d9dbb3,True,,,,,79311.36000000002,79313.49,-2.1299999999901047,0.0026855456745001442
ac996b84-40dd-4e70-b055-f7ac32230e8b,True,,,,,327.0,328.25,-1.25,0.38080731150038083
ad93aef5-55ca-46ce-9ae4-ebbff02989f7,True,,,,,3840.65,3828.93,11.720000000000255,0.3060907355318654
ada3c55a-b985-4196-aa52-0386957e62ff,True,,,,,1914128.9900000002,1914129.05,-0.05999999982304871,3.134584881988428e-06
af61032b-2957-4543-802c-479dad1096b7,True,,,,,31044.460000000003,31045.45,-0.9899999999979627,0.0031888730876761737
af74c02c-161c-4ac7-bccd-811b7d642d2e,True,,,,,398643.39999999997,398643.45,-0.05000000004656613,1.254253645621573e-05
b11c36c0-d5f0-40ee-b8c9-413afbd55499,True,,,,,1375.84,1374.48,1.3599999999999,0.09894651068039549
b1b4f8aa-9082-4164-8a3e-0d4b68b1723b,True,,,,,3185.63,3178.69,6.940000000000055,0.2183289342464995
b21d24e7-99a8-4140-8ffa-571a37e1e4f2,True,,,,,63840.04999999999,63830.67,9.379999999990105,0.014695130099668554
b2a68941-5b35-484c-ae11-3328483a882f,True,,,,,2871193.8799999976,2871193.79,0.08999999752268195,3.13458457022791e-06
b376d1a0-ccfa-457a-b5b2-c3fece42ce21,True,,,,,29336.700000000004,29332.21,4.490000000005239,0.015307404385844908
b3b5512d-b82a-40a8-8ec9-1c1caa86c6d0,True,,,,,3085.43,3078.71,6.7199999999998,0.2182732378171312
b5aa89e9-f245-4e62-bb6d-568df6047f0b,True,,,,,1893.44,1887.82,5.620000000000118,0.2976978737379686
b61f7625-038e-4e6b-a27c-2aabaf1fd206,True,,,,,355844.56999999995,355844.63,-0.060000000055879354,1.6861291416953336e-05
b75af9e8-01dc-4eb8-b980-38d52f9cb4db,True,,,,,494.41,495.03,-0.6199999999999477,0.12524493465041467
b85e14ce-7f74-4df0-9d30-422bd5f14ed6,True,,,,,3667.45,3657.0,10.449999999999818,0.28575334974021926
b8d7071e-52f8-4d32-a406-ffddba67a50f,True,,,,,1782810.64,1782810.69,-0.05000000004656613,2.8045602557255326e-06
b96bf958-7de6-435f-b134-d7521c29b370,True,,,,,9993.05,9993.35,-0.3000000000010914,0.003001996327568747
b9e1a04f-3931-4efd-be3a-8765bb9a9036,True,,,,,858178.49,858178.44,0.05000000004656613,5.8262941267280186e-06
b9f6650d-28d6-4923-8712-d2f0d2f680b4,True,,,,,6611.39,6581.5,29.890000000000327,0.4541517891058319
ba3bbae2-0ff3-4e3a-bb4d-c7a046fc7ed7,True,,,,,1844.36,1852.49,-8.13000000000011,0.4388687658233032
bab0dc9d-d65f-4ca4-90f1-40d2c6faa7d0,True,,,,,3935.53,3918.0,17.5300000000002,0.44742215416029096
bd37da37-5b29-4aad-81f1-11842c79efb4,True,,,,,107.25,107.03,0.21999999999999886,0.20554984583761454
c1915e34-aa70-4873-931f-5f3d0ada8c2d,True,,,,,3359535.9100000015,3359535.99,-0.07999999867752194,2.38128119227328e-06
c1b87faa-3069-4134-861a-b13c8f7c8585,True,,,,,8461.04,8449.67,11.3700000000008,0.13456146808101144
c35cff3b-3614-474b-b718-0bdcf83e4d3f,True,,,,,6578.16,6558.09,20.06999999999971,0.30603422642872713
c4131352-ce14-47fd-b7fc-2932d390b85e,True,,,,,170193.65000000002,170205.83,-12.179999999963911,0.007156041599728935
c524c08f-12d0-48b2-ad7e-e3328ff5bf0e,True,,,,,14605.58,14524.86,80.71999999999935,0.5557368539180367
c622610f-8cbe-4a58-b9e1-e6669130dddc,True,,,,,865.37,865.29,0.08000000000004093,0.009245455280893218
c64e90b9-02e1-4881-b236-f14a7e0649b6,True,,,,,4359.93,4372.78,-12.849999999999454,0.29386340039973324
c8684236-f684-4354-86d8-48120ec4f943,True,,,,,166514.39999999994,166475.98,38.419999999925494,0.023078404464070727
c91706cf-c857-4355-965a-20c2c3c9ee41,True,,,,,751.45,748.56,2.8900000000001,0.3860745965587395
c99a170c-e0f2-4c0b-992e-d49dbe91d048,True,,,,,56686.56,56674.76,11.799999999995634,0.020820555746500973
cbe61422-e4d8-4bf3-9486-f8dbf71608f3,True,,,,,13681.8,13753.64,-71.84000000000015,0.5223344510980377
cc9c6e5d-d38c-4048-b2f2-44ddd2ae307e,True,,,,,140248.38999999998,140240.06,8.329999999987194,0.005939814914502457
cce250bb-b421-4f1d-926b-e679ece8d204,True,,,,,240.59,239.37,1.2199999999999989,0.5096712202865852
cce98557-30d5-46be-ab0b-f1d1ca1ef44c,True,,,,,369.79,367.78,2.0100000000000477,0.546522377508306
cd87fcce-0ac6-47da-bd03-31b246a8377c,True,,,,,3512.2,3516.61,-4.410000000000309,0.12540486434379441
cdf74416-eb6d-4a62-9479-7d4e75bf0d85,True,,,,,977800.9800000002,977800.93,0.05000000016298145,5.113515300397746e-06
cf1ee675-064a-4a35-986f-b8191ea31803,True,,,,,8628.59,8602.98,25.610000000000582,0.297687545478434
d00f421b-b9a3-4caf-9273-6d3ac421ced9,True,,,,,2432049.33,2432049.28,0.05000000027939677,2.055879405510927e-06
d027b9e1-8f2a-4424-ab49-40acd809a10b,True,,,,,1569.3,1561.25,8.049999999999955,0.5156124899919906
d10d548d-0bb4-4cba-90b7-f75c31079483,True,,,,,9721.01,9724.01,-3.0,0.03085146971259799
d1484c4d-0a94-4384-9601-096711b515f3,True,,,,,3687.5,3691.91,-4.4099999999998545,0.11945036579981243
d1f0547e-f656-4265-a033-afe91480fcc9,True,,,,,6798.27,6767.53,30.74000000000069,0.4542277610886201
d2929691-d232-4192-b227-7bf78168bbfc,True,,,,,7091.389999999999,7089.4,1.9899999999997817,0.028070076452164947
d30e3c41-5215-4a58-b1c9-af2b5b6eb9ad,True,,,,,1360924.26,1360924.21,0.05000000004656613,3.673973883274964e-06
d3174d23-1ea8-4a95-8c90-4d01eb8c52ea,True,,,,,4723.509999999999,4718.05,5.459999999999127,0.11572577653901775
d38c7c1c-a41d-4570-97e8-d667d946024a,True,,,,,341939.04000000004,341980.05,-41.009999999951106,0.0119919275992711
d3bedcc2-62c8-4815-bf14-de5b71851f42,True,,,,,469.25,467.69,1.5600000000000023,0.33355427740597454
d3bf91af-97db-48aa-8597-01531c5bfc4f,True,,,,,2438.08,2451.03,-12.950000000000273,0.5283493062100534
d3eb12fa-62d4-4f56-9480-2987e4ca588a,True,,,,,3378430.1,3378430.02,0.0800000000745058,2.3679638057000748e-06
d45ae9c6-abd5-482f-b121-b5ac5af3a287,True,,,,,10880.53,10820.73,59.80000000000109,0.5526429362898907
d5051d1b-372d-4594-b6af-f154c3ad9ac6,True,,,,,3649.63,3650.81,-1.1799999999998363,0.03232159438589892
d5dc5a92-51b2-46bc-a6eb-4010c3db917e,True,,,,,12692.95,12692.88,0.07000000000152795,0.0005514902843289148
d80690c1-b1d7-4af9-bbd3-538f25256ac5,True,,,,,4725.26,4750.37,-25.109999999999673,0.5285904045369029
d966dd24-6b85-4387-86e8-bbdb7ca5501a,True,,,,,14708.440000000004,14706.19,2.250000000003638,0.015299679930720587
d99ec1e1-57a4-480c-a3c2-f62c5706d732,True,,,,,126.56,127.25,-0.6899999999999977,0.5422396856581514
da0e7af3-65a3-42e5-a71b-c807907b10ff,True,,,,,13312.59,13239.47,73.1200000000008,0.5522879692314028
da4203fe-0a64-44d7-867c-1496da116d08,True,,,,,38127.67,38126.93,0.7399999999979627,0.0019408853532082513
daf96db9-32c9-48fd-8be7-8523e8716b08,True,,,,,5567635.809999996,5567635.86,-0.05000000447034836,8.980473171668298e-07
db45488a-852b-4fd5-986c-b91573a62cfb,True,,,,,927324.7599999993,927324.81,-0.05000000074505806,5.391854095336677e-06
dcaf3d9c-7a48-4e80-be30-4dbfe0a9d518,True,,,,,2546.95,2546.14,0.8099999999999454,0.03181286182220716
de20ca17-edbd-4ab1-a7d7-aebd0a485d3e,True,,,,,2630.63,2627.22,3.4100000000003092,0.1297949924254653
dfdf5a26-233f-4e65-931e-7cb9e610db7d,True,,,,,191.56,191.62,-0.060000000000002274,0.03131197161048026
dff6fcbf-353d-45e9-931f-dfd6a950b688,True,,,,,1685.92,1684.8,1.1200000000001182,0.06647673314340682
e06e3d18-75d1-40e1-be1c-8e2b275d3d15,True,,,,,1716318.0499999996,1716317.99,0.05999999959021807,3.4958556596040845e-06
e1810243-a53e-4d54-a351-839e41c61ebd,True,,,,,3578.52,3579.69,-1.1700000000000728,0.03268439445874008
e3783d4e-43cb-4f95-8948-7c6b2566d849,True,,,,,38249.0,38225.25,23.75,0.06213170613665051
e4b9e0b5-1c6b-4f76-a393-b588b130f3b7,True,,,,,1035.23,1035.96,-0.7300000000000182,0.07046604115989209
e4f83978-bc98-454a-a6d7-538889711e79,True,,,,,1936086.0599999996,1936086.11,-0.050000000512227416,2.5825297880075906e-06
e55e7271-c0a8-4f05-aa47-c428115ae5c3,True,,,,,8998.71,8991.53,7.179999999998472,0.07985292825579708
e73bf5dc-4176-4d84-977d-2ae38fd18e90,True,,,,,95417.74,95461.49,-43.75,0.04582999909178036
e756f819-a60c-4a48-9d5f-4a25e3255905,True,,,,,3130109.499999999,3130109.43,0.06999999890103936,2.2363435038448273e-06
e7ba57f7-3620-4db9-ac61-e36b250b9bdb,True,,,,,366646.6699999999,366646.61,0.05999999993946403,1.6364531486998896e-05
e94ace5e-0cae-4e9b-845d-b511b78a74ee,True,,,,,60286.450000000004,60288.8,-2.349999999998545,0.003897904751792281
e9dfe830-6fde-4254-9e6c-f5efb4cab29a,True,,,,,14109.46,14037.25,72.20999999999913,0.5144169976312962
eacd4327-b041-4657-9e39-15b77f5afd5f,True,,,,,4189057.7900000005,4189057.73,0.06000000052154064,1.432303023466345e-06
eacf25c3-a9bd-484c-87c9-95db6e313ad7,True,,,,,2144.8,2151.73,-6.929999999999836,0.32206643026773046
ebf914c3-5400-4d5d-b27b-7efcff4bf017,True,,,,,18096.05,18096.35,-0.2999999999992724,0.0016577928698288463
ec419162-6f79-4def-a641-8c6702da49a1,True,,,,,2043534.0399999998,2043534.09,-0.05000000027939677,2.446741677766519e-06
ed07eaf1-32b2-4455-9998-366fb979679f,True,,,,,3413110.3300000015,3413110.39,-0.05999999865889549,1.7579272804855131e-06
ef721aeb-850c-4aec-89fc-0c1f03a35b1e,True,,,,,19094.620000000003,19090.78,3.8400000000037835,0.020114421726109586
efa64b6f-dfd1-408e-a5e2-1af999bf4859,True,,,,,58845.30000000001,58822.46,22.84000000001106,0.03882870590589217
f0bc7ead-bf6c-4750-b2fd-76817274c2d2,True,,,,,504.82,505.45,-0.6299999999999955,0.1246414086457603
f14019d9-7d8c-4b7a-9f10-d95983f3521c,True,,,,,619.21,617.38,1.830000000000041,0.2964138780005897
f26ddfe2-d6f8-4594-af7a-c26191dbbb84,True,,,,,65266.950000000004,65269.25,-2.2999999999956344,0.003523864606986651
f30ebd9e-9fe6-4fc6-a227-4fd508e410e4,True,,,,,4704128.620000001,4704128.69,-0.06999999936670065,1.4880545150796171e-06
f3925a50-7f57-4750-b6b3-6a869ace8109,True,,,,,9215.010000000002,9214.88,0.13000000000283762,0.001410761724545926
f3acd0ee-9bf9-4a43-a260-9ef017f6a264,True,,,,,3373.63,3369.36,4.269999999999982,0.12673029892917295
f50febf8-eaa2-49ce-8407-d0703a99d6cd,True,,,,,4636.72,4635.64,1.0799999999999272,0.023297753923944203
f5353ba7-659b-4574-a058-34e73e47ca6c,True,,,,,1202498.0300000003,1202497.98,0.05000000027939677,4.158011166006015e-06
f6032403-d4ec-4565-8ea5-ac962ac34540,True,,,,,2994.47,2987.56,6.9099999999998545,0.231292425926169
f84a8037-b9bd-4a32-b299-f025edc3ba2a,True,,,,,2379.83,2385.29,-5.460000000000036,0.22890298454276153
f8615eda-483c-417d-a76f-f2743795b84e,True,,,,,2186132.1000000015,2186132.16,-0.05999999865889549,2.744573258503067e-06
f8c0aee9-1587-4458-b165-d56392d4e614,True,,,,,935.5899999999999,936.0,-0.41000000000008185,0.04380341880342755
f92eb9ea-e32f-4a22-b73d-efc7d8c203ff,True,,,,,126.26,125.62,0.6400000000000006,0.5094730138512981
f9fb57aa-1b10-4744-8492-332024c28c96,True,,,,,123609.81999999999,123690.44,-80.6200000000099,0.06517884486465558
fa534844-5c0f-4623-86c0-c9d9d0f4e471,True,,,,,1138.17,1134.69,3.480000000000018,0.30669169552917697
fb2da5c9-7493-49bc-9c6e-fe700d4cac20,True,,,,,2622714.9699999993,2622715.06,-0.09000000078231096,3.431558469882388e-06
fb7442e9-5e9c-4e2f-9e3a-b7ef3c13cd2d,True,,,,,7461.57,7423.39,38.17999999999938,0.5143202768546362
fe37cf74-4682-4176-b494-01e22f74cc74,True,,,,,25529.48,25478.26,51.220000000001164,0.20103413655407068
fe7535e6-254c-4727-b705-7049b2639f26,True,,,,,13561.57,13561.21,0.3600000000005821,0.0026546303759073277
