NumeroContrato,ValorFace_Internal,ValorAquisicao_Internal,NumCessions,FundAlias,FundUserId,DataReferencia,CodCnpj,NomeFundo,CnpjSacado,NomeSacado,TipoProduto,TaxaCessao,ValorAquisicao_Fund,ValorPresente,ValorFace_Fund,DataAquisicao,DataVencimento,RatingContrato,DiasAtraso,ValorDesembolso,Bandeira,Banco,Agencia,Conta,Prazo,PrazoAtual,Reverse
93e74f74-0776-4384-b9e1-80078bd974cb,8666.59,8569.060000000001,10,pi,33581257,2025-05-30,60356171000180,CLOUDWALK PI FUNDO DE INVESTIMENTO EM DIREITOS CRE,59158642000166,EDENRED SOLUCOES E INSTITUICAO DE PAGAMENTO AHA S.,CSC de arranjo de pagamento banco emissor confirmado,0.161955024826957,8569.06,8625.3901641061,8666.59,2025-05-15,2025-06-11,AA,0,8569.06,Mastercard,1,208,8630592,19,8,0.0
95d9043a-3134-4fdf-9e44-704bdfeec5a6,105.75,91.41000000000001,3,pi,33581257,2025-05-30,60356171000180,CLOUDWALK PI FUNDO DE INVESTIMENTO EM DIREITOS CRE,34786340000101,STONE CARTOES INSTITUICAO DE PAGAMENTO S.A.,CSC de arranjo de pagamento banco emissor confirmado,0.161124841006214,91.4,92.3805203265,105.75,2025-05-06,2026-04-27,AA,0,91.4,Visa,1,208,8630592,246,228,0.0
6fda7e60-8a24-4714-acd0-9b44e57a791c,175.23,167.02,2,pi,33581257,2025-05-30,60356171000180,CLOUDWALK PI FUNDO DE INVESTIMENTO EM DIREITOS CRE,59158642000166,EDENRED SOLUCOES E INSTITUICAO DE PAGAMENTO AHA S.,CSC de arranjo de pagamento banco emissor confirmado,0.161008764734916,167.02,169.3113236567,175.23,2025-04-28,2025-08-21,AA,0,167.02,Elo,1,208,8630592,81,58,0.0
04c6f5d3-5d3e-455c-a23d-e8972f524823,202.81,183.8,2,pi,33581257,2025-05-30,60356171000180,CLOUDWALK PI FUNDO DE INVESTIMENTO EM DIREITOS CRE,3130170000189,BRASIL CARD INSTITUICAO DE PAGAMENTOS LTDA,CSC de arranjo de pagamento banco emissor confirmado,0.16220175945161,183.8,186.1168246632,202.81,2025-04-30,2025-12-22,AA,0,183.8,Visa,1,208,8630592,165,144,0.0
d367c394-5989-4ac3-8063-0100a9b4b120,107.25,103.56,1,pi,33581257,2025-05-30,60356171000180,CLOUDWALK PI FUNDO DE INVESTIMENTO EM DIREITOS CRE,3012230000169,HIPERCARD BANCO MULTIPLO S.A.,CSC de arranjo de pagamento banco emissor confirmado,0.161300188330241,103.56,104.8586067896,107.25,2025-04-30,2025-07-24,AA,0,103.56,Mastercard,1,208,8630592,59,38,0.0
467c0816-8658-41b2-a7f2-d7e65c8e5213,723.86,646.6,1,pi,33581257,2025-05-30,60356171000180,CLOUDWALK PI FUNDO DE INVESTIMENTO EM DIREITOS CRE,315557000111,CONFEDERACAO NACIONAL DAS COOPERATIVAS CENTRAIS UN,CSC de arranjo de pagamento banco emissor confirmado,0.162407769933417,646.6,652.8079678764,723.86,2025-05-08,2026-02-03,AA,0,646.6,Visa,1,208,8630592,189,173,0.0
b46ddc3b-166e-414d-94b8-601a7ccd5a99,244.1,223.69,1,pi,33581257,2025-05-30,60356171000180,CLOUDWALK PI FUNDO DE INVESTIMENTO EM DIREITOS CRE,58160789000128,BANCO SAFRA S A,CSC de arranjo de pagamento banco emissor confirmado,0.1626608457444,223.69,225.8407557957,244.1,2025-05-08,2025-12-02,AA,0,223.69,Visa,1,208,8630592,146,130,0.0
d572a894-ed81-454e-8ea2-11e297d0eb8a,1218.52,1164.49,1,pi,33581257,2025-05-30,60356171000180,CLOUDWALK PI FUNDO DE INVESTIMENTO EM DIREITOS CRE,17192451000170,BANCO ITAUCARD S.A.,CSC de arranjo de pagamento banco emissor confirmado,0.162280009824346,1164.49,1175.6619940252,1218.52,2025-05-08,2025-08-25,AA,0,1164.49,Mastercard,1,208,8630592,76,60,0.0
22444c6a-e94e-46e3-9a80-87fc8e2e1957,2435.53,2106.0299999999997,9,pi,33581257,2025-05-30,60356171000180,CLOUDWALK PI FUNDO DE INVESTIMENTO EM DIREITOS CRE,28127603000178,BANESTES SA BANCO DO ESTADO DO ESPIRITO SANTO,CSC de arranjo de pagamento banco emissor confirmado,0.160562838112401,2106.03,2116.0090785671,2435.53,2025-05-20,2026-05-12,AA,0,2106.03,Visa,1,208,8630592,245,238,0.0
091bd5c5-5521-4321-a4e3-e53dbc814d8a,975.52,872.64,3,pi,33581257,2025-05-30,60356171000180,CLOUDWALK PI FUNDO DE INVESTIMENTO EM DIREITOS CRE,58160789000128,BANCO SAFRA S A,CSC de arranjo de pagamento banco emissor confirmado,0.162068332763815,872.63,881.516992524,975.52,2025-05-07,2026-01-29,AA,0,872.63,Visa,1,208,8630592,187,170,0.0
4a724bab-47da-4824-b420-0e61ccfa80e7,2154.29,2077.14,5,pi,33581257,2025-05-30,60356171000180,CLOUDWALK PI FUNDO DE INVESTIMENTO EM DIREITOS CRE,14550922000268,ORBITALL SERVICOS E PROCESSAMENTO DE MEIOS DE PAGA,CSC de arranjo de pagamento banco emissor confirmado,0.162578038473332,2077.15,2092.1036576163,2154.29,2025-05-14,2025-08-08,AA,0,2077.15,Mastercard,1,208,8630592,61,49,0.0
0d999b80-cb0f-422e-a775-f11c693905b6,13496.88,13016.77,11,pi,33581257,2025-05-30,60356171000180,CLOUDWALK PI FUNDO DE INVESTIMENTO EM DIREITOS CRE,1722480000167,QUERO-QUERO VERDECARD INSTITUICAO DE PAGAMENTO S.A,CSC de arranjo de pagamento banco emissor confirmado,0.161404737109564,13016.77,13164.4520738083,13496.88,2025-05-05,2025-07-30,AA,0,13016.77,Elo,1,208,8630592,61,42,0.0
8280104b-0a14-429d-b09d-c92206951ed1,9184.52,8222.98,12,pi,33581257,2025-05-30,60356171000180,CLOUDWALK PI FUNDO DE INVESTIMENTO EM DIREITOS CRE,315557000111,CONFEDERACAO NACIONAL DAS COOPERATIVAS CENTRAIS UN,CSC de arranjo de pagamento banco emissor confirmado,0.161635474436599,8222.97,8331.235452556,9184.52,2025-04-29,2026-01-21,AA,0,8222.97,Visa,1,208,8630592,185,164,0.0
bb8730e8-62c9-4690-9c0c-c643d8870e6f,5983.599999999999,5774.21,8,pi,33581257,2025-05-30,60356171000180,CLOUDWALK PI FUNDO DE INVESTIMENTO EM DIREITOS CRE,61186680000174,BANCO BMG S.A,CSC de arranjo de pagamento banco emissor confirmado,0.161387294808917,5774.2,5839.7047109849,5983.6,2025-05-05,2025-07-29,AA,0,5774.2,Mastercard,1,208,8630592,60,41,0.0
ec73e16d-763b-41a2-934d-6cb09ae30aa5,27181.110000000004,24933.71,17,pi,33581257,2025-05-30,60356171000180,CLOUDWALK PI FUNDO DE INVESTIMENTO EM DIREITOS CRE,3012230000169,HIPERCARD BANCO MULTIPLO S.A.,CSC de arranjo de pagamento banco emissor confirmado,0.161818939092149,24933.7,25262.3309315701,27181.11,2025-04-29,2025-11-21,AA,0,24933.7,Mastercard,1,208,8630592,145,123,0.0
3b4894de-d951-4acb-a7cd-a7bf5c7286df,56036.63,54081.12999999999,15,pi,33581257,2025-05-30,60356171000180,CLOUDWALK PI FUNDO DE INVESTIMENTO EM DIREITOS CRE,27351731000138,REALIZE CREDITO FINANCIAMENTO E INVESTIMENTO S.A.,CSC de arranjo de pagamento banco emissor confirmado,0.160888730021091,54081.12,54790.0881169546,56036.63,2025-04-29,2025-07-24,AA,0,54081.12,Mastercard,1,208,8630592,60,38,0.0
679ebd07-4c55-4ec6-98ad-99f1f6a88f5e,481.18,441.45,3,pi,33581257,2025-05-30,60356171000180,CLOUDWALK PI FUNDO DE INVESTIMENTO EM DIREITOS CRE,5938780000309,COOPER CARD INSTITUICAO DE PAGAMENTO LTDA,CSC de arranjo de pagamento banco emissor confirmado,0.161565990923073,441.45,447.5257885654,481.18,2025-04-28,2025-11-19,AA,0,441.45,Visa,1,208,8630592,145,122,0.0
2d90d0b8-cd18-4876-83b6-3be7baaea335,236.64,219.99,1,pi,33581257,2025-05-30,60356171000180,CLOUDWALK PI FUNDO DE INVESTIMENTO EM DIREITOS CRE,9464032000112,MIDWAY S.A.- CREDITO FINANCIAMENTO E INVESTIMENTO,CSC de arranjo de pagamento banco emissor confirmado,0.162647743404314,219.99,222.1050217661,236.64,2025-05-08,2025-10-28,AA,0,219.99,Visa,1,208,8630592,122,106,0.0
c7f4a929-9f05-4b9d-bc6b-5f8dacd26795,14637.119999999999,12961.94,26,pi,33581257,2025-05-30,60356171000180,CLOUDWALK PI FUNDO DE INVESTIMENTO EM DIREITOS CRE,92702067000196,BANCO DO ESTADO DO RIO GRANDE DO SUL SA,CSC de arranjo de pagamento banco emissor confirmado,0.161148316940102,12961.94,13139.9071563503,14637.12,2025-04-28,2026-02-18,AA,0,12961.94,Mastercard,1,208,8630592,205,182,0.0
bc763f94-219f-4e45-b859-d38264ec0618,35736.83,30894.099999999995,18,pi,33581257,2025-05-30,60356171000180,CLOUDWALK PI FUNDO DE INVESTIMENTO EM DIREITOS CRE,10573521000191,MERCADO PAGO INSTITUICAO DE PAGAMENTO LTDA,CSC de arranjo de pagamento banco emissor confirmado,0.160168144854362,30894.08,31297.3846167701,35736.83,2025-04-29,2026-04-22,AA,0,30894.08,Visa,1,208,8630592,246,225,0.0
0883d6c9-e757-4f38-b6b4-84a41c5df94b,47639.15,44230.719999999994,29,pi,33581257,2025-05-30,60356171000180,CLOUDWALK PI FUNDO DE INVESTIMENTO EM DIREITOS CRE,360305000104,CAIXA ECONOMICA FEDERAL,CSC de arranjo de pagamento banco emissor confirmado,0.16284007333237,44230.72,44469.6804420057,47639.15,2025-05-19,2025-11-10,AA,0,44230.72,Mastercard,1,208,8630592,124,115,0.0
087fe0b9-8cdd-46d0-ade5-044e52306ac8,56.3,49.23,1,pi,33581257,2025-05-30,60356171000180,CLOUDWALK PI FUNDO DE INVESTIMENTO EM DIREITOS CRE,4184779000101,BANCO BRADESCARD S.A.,CSC de arranjo de pagamento banco emissor confirmado,0.160638312840316,49.23,49.9039258141,56.3,2025-04-28,2026-03-20,AA,0,49.23,Mastercard,1,208,8630592,227,204,0.0
814ed026-1bcc-4601-90c5-39b60bef503f,170.52,158.52,1,pi,33581257,2025-05-30,60356171000180,CLOUDWALK PI FUNDO DE INVESTIMENTO EM DIREITOS CRE,4184779000101,BANCO BRADESCARD S.A.,CSC de arranjo de pagamento banco emissor confirmado,0.16268116216695,158.52,160.04433067,170.52,2025-05-08,2025-10-28,AA,0,158.52,Mastercard,1,208,8630592,122,106,0.0
985533c3-4a21-456a-b7e0-ff2eebcd8196,1478.1200000000001,1277.4,4,pi,33581257,2025-05-30,60356171000180,CLOUDWALK PI FUNDO DE INVESTIMENTO EM DIREITOS CRE,61186680000174,BANCO BMG S.A,CSC de arranjo de pagamento banco emissor confirmado,0.16196679644911,1277.4,1298.1113675583,1478.12,2025-04-22,2026-04-10,AA,0,1277.4,Mastercard,1,208,8630592,245,218,0.0
bff2d06b-3f51-4051-9a0e-ce83da3c3c90,2976.8,2943.29,1,pi,33581257,2025-05-30,60356171000180,CLOUDWALK PI FUNDO DE INVESTIMENTO EM DIREITOS CRE,18189547000142,CLOUDWALK INSTITUICAO DE PAGAMENTO E SERVICOS LTDA,CSC de arranjo de pagamento banco emissor confirmado,0.162009477448618,2943.29,2960.8795484957,2976.8,2025-05-16,2025-06-12,AA,0,2943.29,Mastercard,1,208,8630592,18,9,0.0
32e9a413-dc10-423b-83f1-e7f1a3f55822,32451.249999999996,31318.799999999992,12,pi,33581257,2025-05-30,60356171000180,CLOUDWALK PI FUNDO DE INVESTIMENTO EM DIREITOS CRE,8357240000150,BANCO CSF S/A,CSC de arranjo de pagamento banco emissor confirmado,0.160888557095116,31318.8,31729.3685745076,32451.25,2025-04-29,2025-07-24,AA,0,31318.8,Visa,1,208,8630592,60,38,0.0
64284572-e3d6-4fcc-a66d-274bc5f79106,2023.2799999999997,1788.73,6,pi,33581257,2025-05-30,60356171000180,CLOUDWALK PI FUNDO DE INVESTIMENTO EM DIREITOS CRE,4184779000101,BANCO BRADESCARD S.A.,CSC de arranjo de pagamento banco emissor confirmado,0.162680262675971,1788.73,1802.6927459799,2023.28,2025-05-13,2026-03-05,AA,0,1788.73,Mastercard,1,208,8630592,206,193,0.0
cc574215-5563-4088-9ce3-d26689ae7837,1194.9099999999999,1180.7599999999998,7,pi,33581257,2025-05-30,60356171000180,CLOUDWALK PI FUNDO DE INVESTIMENTO EM DIREITOS CRE,19540550000121,ASAAS GESTAO FINANCEIRA INSTITUICAO DE PAGAMENTO S,CSC de arranjo de pagamento banco emissor confirmado,0.161948548826483,1180.76,1187.1066445483,1194.91,2025-05-19,2025-06-16,AA,0,1180.76,Elo,1,208,8630592,20,11,0.0
a1989ecd-74d5-4c29-b2d1-c7ae840a0f01,233.63,206.59000000000003,3,pi,33581257,2025-05-30,60356171000180,CLOUDWALK PI FUNDO DE INVESTIMENTO EM DIREITOS CRE,8357240000150,BANCO CSF S/A,CSC de arranjo de pagamento banco emissor confirmado,0.161534750756272,206.59,209.6818808261,233.63,2025-04-24,2026-02-18,AA,0,206.59,Visa,1,208,8630592,207,182,0.0
5a158746-c580-4dda-91bd-c10a7c9a1337,299.65999999999997,258.92,3,pi,33581257,2025-05-30,60356171000180,CLOUDWALK PI FUNDO DE INVESTIMENTO EM DIREITOS CRE,10664513000150,BANCO AGIBANK S.A,CSC de arranjo de pagamento banco emissor confirmado,0.162141896456285,258.93,260.63394965,299.66,2025-05-15,2026-05-06,AA,0,258.93,Mastercard,1,208,8630592,245,234,0.0
b0c20098-79de-4f4a-b1cc-ebcc3cdd6d56,14979.01,13425.83,10,pi,33581257,2025-05-30,60356171000180,CLOUDWALK PI FUNDO DE INVESTIMENTO EM DIREITOS CRE,60746948000112,BANCO BRADESCO S.A.,CSC de arranjo de pagamento banco emissor confirmado,0.16080542163712,13425.84,13617.8652289976,14979.01,2025-04-25,2026-01-16,AA,0,13425.84,Mastercard,1,208,8630592,185,161,0.0
de6b15f4-640e-4c7c-b00c-165fc60d7f65,139.68,136.71,2,pi,33581257,2025-05-30,60356171000180,CLOUDWALK PI FUNDO DE INVESTIMENTO EM DIREITOS CRE,60746948000112,BANCO BRADESCO S.A.,CSC de arranjo de pagamento banco emissor confirmado,0.162351823886436,136.71,137.6107372079,139.68,2025-05-15,2025-07-07,AA,0,136.71,Visa,1,208,8630592,36,25,0.0
ed389108-df0c-45e9-8fab-5ca4c93fcda9,12125.940000000002,10590.029999999999,5,pi,33581257,2025-05-30,60356171000180,CLOUDWALK PI FUNDO DE INVESTIMENTO EM DIREITOS CRE,1858774000110,BANCO BV S.A.,CSC de arranjo de pagamento banco emissor confirmado,0.162240493622164,10590.03,10672.4870126019,12125.94,2025-05-13,2026-04-06,AA,0,10590.03,Visa,1,208,8630592,226,214,0.0
4039c5fb-05f4-4a36-b12e-3ec8e9f4ae71,51501.51000000001,49055.39,16,pi,33581257,2025-05-30,60356171000180,CLOUDWALK PI FUNDO DE INVESTIMENTO EM DIREITOS CRE,360305000104,CAIXA ECONOMICA FEDERAL,CSC de arranjo de pagamento banco emissor confirmado,0.161303543090677,49055.4,49700.0343021634,51501.51,2025-04-29,2025-08-25,AA,0,49055.4,Mastercard,1,208,8630592,82,60,0.0
beadcab4-2132-47a2-8af0-8ee5b4c7f6b4,529331.78,517583.99,32,pi,33581257,2025-05-30,60356171000180,CLOUDWALK PI FUNDO DE INVESTIMENTO EM DIREITOS CRE,60746948000112,BANCO BRADESCO S.A.,CSC de arranjo de pagamento banco emissor confirmado,0.160483295733192,517583.99,524043.584577958,529331.78,2025-04-30,2025-06-25,AA,0,517583.99,Elo,1,208,8630592,38,17,0.0
233e4f22-feef-4260-ba1c-fa6ca2d5b878,41639.729999999996,40165.69,14,pi,33581257,2025-05-30,60356171000180,CLOUDWALK PI FUNDO DE INVESTIMENTO EM DIREITOS CRE,360305000104,CAIXA ECONOMICA FEDERAL,CSC de arranjo de pagamento banco emissor confirmado,0.160549050456608,40165.69,40715.245657379,41639.73,2025-04-28,2025-07-24,AA,0,40165.69,Elo,1,208,8630592,61,38,0.0
8e9e092a-20b2-4b73-9187-e9cb1bf34809,930.6300000000001,898.07,4,pi,33581257,2025-05-30,60356171000180,CLOUDWALK PI FUNDO DE INVESTIMENTO EM DIREITOS CRE,43180355000112,PEFISA SA CREDITO FINANCIAMENTO E INVESTIMENTO,CSC de arranjo de pagamento banco emissor confirmado,0.161398124110308,898.06,908.2485711834,930.63,2025-05-05,2025-07-29,AA,0,898.06,Mastercard,1,208,8630592,60,41,0.0
159f4d72-8489-4a45-8253-fe5659aee839,1186.3999999999999,1128.85,5,pi,33581257,2025-05-30,60356171000180,CLOUDWALK PI FUNDO DE INVESTIMENTO EM DIREITOS CRE,7237373000120,BANCO DO NORDESTE DO BRASIL SA,CSC de arranjo de pagamento banco emissor confirmado,0.162961240508127,1128.85,1137.6759337229,1186.4,2025-05-13,2025-09-08,AA,0,1128.85,Visa,1,208,8630592,82,70,0.0
0b8e0165-6263-4565-a6b1-1972dd3e6d57,8652.060000000001,7837.170000000001,9,pi,33581257,2025-05-30,60356171000180,CLOUDWALK PI FUNDO DE INVESTIMENTO EM DIREITOS CRE,61186680000174,BANCO BMG S.A,CSC de arranjo de pagamento banco emissor confirmado,0.16308652985594,7837.17,7907.9651204639,8652.06,2025-05-09,2025-12-31,AA,0,7837.17,Mastercard,1,208,8630592,165,150,0.0
a01fb67c-a51d-42e9-98b0-822c2841d67f,81.47,75.02,1,pi,33581257,2025-05-30,60356171000180,CLOUDWALK PI FUNDO DE INVESTIMENTO EM DIREITOS CRE,31895683000116,BANCO INDUSTRIAL DO BRASIL S/A,CSC de arranjo de pagamento banco emissor confirmado,0.162549981552155,75.02,75.740850826,81.47,2025-05-08,2025-11-19,AA,0,75.02,Visa,1,208,8630592,138,122,0.0
77575c44-a620-4341-b647-e40a7b04c8d7,771.52,706.8100000000001,4,pi,33581257,2025-05-30,60356171000180,CLOUDWALK PI FUNDO DE INVESTIMENTO EM DIREITOS CRE,5938780000309,COOPER CARD INSTITUICAO DE PAGAMENTO LTDA,CSC de arranjo de pagamento banco emissor confirmado,0.163230698908085,706.81,712.7722585044,771.52,2025-05-12,2025-12-04,AA,0,706.81,Visa,1,208,8630592,146,132,0.0
c1aac35c-6761-4170-8d7f-49cc0001016a,515.98,485.95,1,pi,33581257,2025-05-30,60356171000180,CLOUDWALK PI FUNDO DE INVESTIMENTO EM DIREITOS CRE,8357240000150,BANCO CSF S/A,CSC de arranjo de pagamento banco emissor confirmado,0.163118678031415,485.95,489.7528287291,515.98,2025-05-13,2025-10-01,AA,0,485.95,Mastercard,1,208,8630592,100,87,0.0
914dce5d-5971-441d-a7aa-326ceab739b2,126708.83,125209.06000000003,23,pi,33581257,2025-05-30,60356171000180,CLOUDWALK PI FUNDO DE INVESTIMENTO EM DIREITOS CRE,191,BANCO DO BRASIL SA,CSC de arranjo de pagamento banco emissor confirmado,0.161865205574546,125209.07,126257.025483205,126708.83,2025-05-12,2025-06-09,AA,0,125209.07,Mastercard,1,208,8630592,20,6,0.0
dcfe458e-6511-4749-a62e-29add166c824,7465.37,7109.19,1,pi,33581257,2025-05-30,60356171000180,CLOUDWALK PI FUNDO DE INVESTIMENTO EM DIREITOS CRE,4670195000138,CRED - SYSTEM ADMINISTRADORA DE CARTOES DE CREDITO,CSC de arranjo de pagamento banco emissor confirmado,0.162109766737673,7109.19,7185.8911132994,7465.37,2025-05-06,2025-08-29,AA,0,7109.19,Mastercard,1,208,8630592,82,64,0.0
19c70762-c6f5-428f-86f1-a74c0a45a0f9,30702.99,27830.539999999997,14,pi,33581257,2025-05-30,60356171000180,CLOUDWALK PI FUNDO DE INVESTIMENTO EM DIREITOS CRE,9464032000112,MIDWAY S.A.- CREDITO FINANCIAMENTO E INVESTIMENTO,CSC de arranjo de pagamento banco emissor confirmado,0.161854507134621,27830.55,28163.8850260261,30702.99,2025-05-02,2025-12-23,AA,0,27830.55,Mastercard,1,208,8630592,165,145,0.0
1d77b7c2-65ae-408b-ba9b-6f95b70f9262,31.31,29.42,1,pi,33581257,2025-05-30,60356171000180,CLOUDWALK PI FUNDO DE INVESTIMENTO EM DIREITOS CRE,20855875000182,NEON PAGAMENTOS SA INSTITUICAO DE PAGAMENTO,CSC de arranjo de pagamento banco emissor confirmado,0.162842690665827,29.42,29.685387745,31.31,2025-05-09,2025-10-03,AA,0,29.42,Visa,1,208,8630592,104,89,0.0
b6259cd5-1078-4aa3-b1e0-ee734ed2cc06,12.18,10.78,1,pi,33581257,2025-05-30,60356171000180,CLOUDWALK PI FUNDO DE INVESTIMENTO EM DIREITOS CRE,9089356000118,EFI S.A. - INSTITUICAO DE PAGAMENTO,CSC de arranjo de pagamento banco emissor confirmado,0.161946915473481,10.78,10.9547634955,12.18,2025-04-22,2026-02-10,AA,0,10.78,Visa,1,208,8630592,205,178,0.0
b44b1007-7790-4a7a-bd6e-c9da98a53dc3,39167.490000000005,36355.11,12,pi,33581257,2025-05-30,60356171000180,CLOUDWALK PI FUNDO DE INVESTIMENTO EM DIREITOS CRE,27098060000145,BANCO DIGIO S.A.,CSC de arranjo de pagamento banco emissor confirmado,0.162086782699917,36355.1,36813.0576020087,39167.49,2025-04-30,2025-10-24,AA,0,36355.1,Visa,1,208,8630592,124,104,0.0
e11c6a33-84c3-4f14-926a-7287b203b46e,8082.169999999999,7418.0599999999995,11,pi,33581257,2025-05-30,60356171000180,CLOUDWALK PI FUNDO DE INVESTIMENTO EM DIREITOS CRE,4814563000174,BANCO AFINZ S.A. BANCO MULTIPLO,CSC de arranjo de pagamento banco emissor confirmado,0.161892287543442,7418.06,7506.9277509791,8082.17,2025-05-02,2025-11-24,AA,0,7418.06,Visa,1,208,8630592,144,124,0.0
85ee1895-30ac-4837-b283-ad239c32d260,3865.09,3779.4100000000003,5,pi,33581257,2025-05-30,60356171000180,CLOUDWALK PI FUNDO DE INVESTIMENTO EM DIREITOS CRE,92702067000196,BANCO DO ESTADO DO RIO GRANDE DO SUL SA,CSC de arranjo de pagamento banco emissor confirmado,0.160258613093263,3779.42,3828.7842392234,3865.09,2025-04-29,2025-06-24,AA,0,3779.42,Mastercard,1,208,8630592,37,16,0.0
502920fa-dece-438d-b27e-d45c1bb47ef4,326.76,315.36,1,pi,33581257,2025-05-30,60356171000180,CLOUDWALK PI FUNDO DE INVESTIMENTO EM DIREITOS CRE,43180355000112,PEFISA SA CREDITO FINANCIAMENTO E INVESTIMENTO,CSC de arranjo de pagamento banco emissor confirmado,0.160843243278825,315.36,319.4930704542,326.76,2025-04-29,2025-07-24,AA,0,315.36,Mastercard,1,208,8630592,59,38,0.0
b63e68b0-e00d-4941-9ed7-f95e9e5d14e3,59206.13,57893.880000000005,17,pi,33581257,2025-05-30,60356171000180,CLOUDWALK PI FUNDO DE INVESTIMENTO EM DIREITOS CRE,6881898000130,FINANCEIRA ITAU CBD S.A. - CREDITO FINANCIAMENTO,CSC de arranjo de pagamento banco emissor confirmado,0.160252212058173,57893.87,58650.012500007,59206.13,2025-04-29,2025-06-24,AA,0,57893.87,Visa,1,208,8630592,38,16,0.0
aa4cf7ea-be16-4357-96d8-99ca9fb11c66,661.07,638.17,1,pi,33581257,2025-05-30,60356171000180,CLOUDWALK PI FUNDO DE INVESTIMENTO EM DIREITOS CRE,16581207000137,DM INSTITUICAO DE PAGAMENTO S.A.,CSC de arranjo de pagamento banco emissor confirmado,0.162509233509319,638.17,643.9157203143,661.07,2025-05-09,2025-08-01,AA,0,638.17,Mastercard,1,208,8630592,59,44,0.0
6bd91664-75a9-47cc-b9a5-871b95509d3a,1341.86,1328.33,7,pi,33581257,2025-05-30,60356171000180,CLOUDWALK PI FUNDO DE INVESTIMENTO EM DIREITOS CRE,208000100,BRB BANCO DE BRASILIA SA,CSC de arranjo de pagamento banco emissor confirmado,0.161965506119077,1328.34,1329.9234912248,1341.86,2025-05-28,2025-06-23,AA,0,1328.34,Mastercard,1,208,8630592,17,15,0.0
a63df900-2e74-402c-a88a-c59bec290b0f,217361.85000000003,214915.59000000003,32,pi,33581257,2025-05-30,60356171000180,CLOUDWALK PI FUNDO DE INVESTIMENTO EM DIREITOS CRE,33449007000144,EMPRESA BRASILEIRA DE BENEFICIOS E PAGAMENTOS INST,CSC de arranjo de pagamento banco emissor confirmado,0.16196614985736,214915.6,215685.1109842372,217361.85,2025-05-22,2025-06-18,AA,0,214915.6,Visa,1,208,8630592,18,13,0.0
516e2a2d-f288-48e5-b5e2-91d330d8c9c7,28622.43,25027.329999999998,15,pi,33581257,2025-05-30,60356171000180,CLOUDWALK PI FUNDO DE INVESTIMENTO EM DIREITOS CRE,8357240000150,BANCO CSF S/A,CSC de arranjo de pagamento banco emissor confirmado,0.160678136078608,25027.33,25370.016876709,28622.43,2025-04-28,2026-03-20,AA,0,25027.33,Mastercard,1,208,8630592,227,204,0.0
76ee4f26-5ceb-4ae0-a5f4-689e32939624,244.1,213.39,1,pi,33581257,2025-05-30,60356171000180,CLOUDWALK PI FUNDO DE INVESTIMENTO EM DIREITOS CRE,58160789000128,BANCO SAFRA S A,CSC de arranjo de pagamento banco emissor confirmado,0.161747046723033,213.39,215.4309674703,244.1,2025-05-08,2026-03-30,AA,0,213.39,Visa,1,208,8630592,226,210,0.0
4edf757d-d841-476f-85b7-676c193f1a0b,651.65,644.37,1,pi,33581257,2025-05-30,60356171000180,CLOUDWALK PI FUNDO DE INVESTIMENTO EM DIREITOS CRE,14550922000268,ORBITALL SERVICOS E PROCESSAMENTO DE MEIOS DE PAGA,CSC de arranjo de pagamento banco emissor confirmado,0.160678926891097,644.37,650.8798270437,651.65,2025-05-07,2025-06-03,AA,0,644.37,Mastercard,1,208,8630592,18,2,0.0
0ad70d34-14ea-4526-bb71-b05d5f20a169,655.47,615.8499999999999,4,pi,33581257,2025-05-30,60356171000180,CLOUDWALK PI FUNDO DE INVESTIMENTO EM DIREITOS CRE,315557000111,CONFEDERACAO NACIONAL DAS COOPERATIVAS CENTRAIS UN,CSC de arranjo de pagamento banco emissor confirmado,0.163085846134979,615.85,620.2964787376,655.47,2025-05-14,2025-10-08,AA,0,615.85,Visa,1,208,8630592,104,92,0.0
ffb32752-5a91-40dc-9316-e1701efa8192,858.1,841.5,3,pi,33581257,2025-05-30,60356171000180,CLOUDWALK PI FUNDO DE INVESTIMENTO EM DIREITOS CRE,23862762000100,WILL FINANCEIRA S.A. CREDITO FINANCIAMENTO E INVE,CSC de arranjo de pagamento banco emissor confirmado,0.160979771844477,841.49,850.5097403512,858.1,2025-05-06,2025-06-23,AA,0,841.49,Mastercard,1,208,8630592,33,15,0.0
5904ba25-5ed6-4c99-bf08-5c4449d77c99,645.32,563.58,1,pi,33581257,2025-05-30,60356171000180,CLOUDWALK PI FUNDO DE INVESTIMENTO EM DIREITOS CRE,5938780000309,COOPER CARD INSTITUICAO DE PAGAMENTO LTDA,CSC de arranjo de pagamento banco emissor confirmado,0.162244438464734,563.58,567.9682950595,645.32,2025-05-13,2026-04-06,AA,0,563.58,Visa,1,208,8630592,226,214,0.0
8efd8f88-649a-4ed1-899b-f628b75723fd,12943.130000000001,12648.389999999998,9,pi,33581257,2025-05-30,60356171000180,CLOUDWALK PI FUNDO DE INVESTIMENTO EM DIREITOS CRE,16581207000137,DM INSTITUICAO DE PAGAMENTO S.A.,CSC de arranjo de pagamento banco emissor confirmado,0.16049066471732,12648.39,12798.6905270363,12943.13,2025-05-02,2025-06-27,AA,0,12648.39,Mastercard,1,208,8630592,39,19,0.0
f83740ec-9c9d-4b85-acc2-b0e4acefdef2,1653.8700000000001,1463.6100000000001,8,pi,33581257,2025-05-30,60356171000180,CLOUDWALK PI FUNDO DE INVESTIMENTO EM DIREITOS CRE,34786340000101,STONE CARTOES INSTITUICAO DE PAGAMENTO S.A.,CSC de arranjo de pagamento banco emissor confirmado,0.162112822687333,1463.6,1471.4743530534,1653.87,2025-05-19,2026-03-10,AA,0,1463.6,Visa,1,208,8630592,205,196,0.0
90a1b6ea-79ff-4539-bdfc-52a774a44699,264.63,242.22,2,pi,33581257,2025-05-30,60356171000180,CLOUDWALK PI FUNDO DE INVESTIMENTO EM DIREITOS CRE,360305000104,CAIXA ECONOMICA FEDERAL,CSC de arranjo de pagamento banco emissor confirmado,0.162607963137867,242.22,244.5482135513,264.63,2025-05-08,2025-12-04,AA,0,242.22,Visa,1,208,8630592,148,132,0.0
9f4abb75-f113-4bb0-8b78-4dd3a07fb1f3,2001.57,1883.72,3,pi,33581257,2025-05-30,60356171000180,CLOUDWALK PI FUNDO DE INVESTIMENTO EM DIREITOS CRE,90400888000142,BANCO SANTANDER (BRASIL) S.A.,CSC de arranjo de pagamento banco emissor confirmado,0.161730146409034,1883.73,1911.9543086995,2001.57,2025-04-24,2025-09-17,AA,0,1883.73,Visa,1,208,8630592,102,77,0.0
22f56c16-a69f-45dd-adf0-2468d29164e5,15328.730000000001,13234.15,8,pi,33581257,2025-05-30,60356171000180,CLOUDWALK PI FUNDO DE INVESTIMENTO EM DIREITOS CRE,191,BANCO DO BRASIL SA,CSC de arranjo de pagamento banco emissor confirmado,0.160323046943256,13234.15,13383.3580884796,15328.73,2025-05-05,2026-04-29,AA,0,13234.15,Elo,1,208,8630592,249,230,0.0
50a5c170-085a-4dc5-bbcc-1a680feba34d,370.07000000000005,352.52,4,pi,33581257,2025-05-30,60356171000180,CLOUDWALK PI FUNDO DE INVESTIMENTO EM DIREITOS CRE,4184779000101,BANCO BRADESCARD S.A.,CSC de arranjo de pagamento banco emissor confirmado,0.161133428118395,352.51,357.3495364776,370.07,2025-04-28,2025-08-22,AA,0,352.51,Mastercard,1,208,8630592,82,59,0.0
92b430f1-e7fe-47a8-a2ec-ca52628fe1df,112341.77,106968.81,20,pi,33581257,2025-05-30,60356171000180,CLOUDWALK PI FUNDO DE INVESTIMENTO EM DIREITOS CRE,4184779000101,BANCO BRADESCARD S.A.,CSC de arranjo de pagamento banco emissor confirmado,0.162544714817932,106968.81,107032.7605129104,112341.77,2025-05-29,2025-09-23,AA,0,106968.81,Visa,1,208,8630592,82,81,0.0
8fe9ee2e-1355-4f6a-a9a9-2ab9a60160d6,220.74,215.22,1,pi,33581257,2025-05-30,60356171000180,CLOUDWALK PI FUNDO DE INVESTIMENTO EM DIREITOS CRE,191,BANCO DO BRASIL SA,CSC de arranjo de pagamento banco emissor confirmado,0.159994165705168,215.22,218.2836841674,220.74,2025-04-25,2025-06-27,AA,0,215.22,Visa,1,208,8630592,43,19,0.0
f8cbe9a7-4528-460e-833b-92d3f1748bd0,389.38,370.74,1,pi,33581257,2025-05-30,60356171000180,CLOUDWALK PI FUNDO DE INVESTIMENTO EM DIREITOS CRE,44128548000197,POMELO INSTITUICAO DE PAGAMENTO LTDA.,CSC de arranjo de pagamento banco emissor confirmado,0.162710057372635,370.74,372.0731140929,389.38,2025-05-22,2025-09-16,AA,0,370.74,Visa,1,208,8630592,81,76,0.0
6929cb3d-56b9-4467-be38-a03430159be3,251.84,217.98,1,pi,33581257,2025-05-30,60356171000180,CLOUDWALK PI FUNDO DE INVESTIMENTO EM DIREITOS CRE,18236120000158,NU PAGAMENTOS S.A. - INSTITUICAO DE PAGAMENTO,CSC de arranjo de pagamento banco emissor confirmado,0.160111471827234,217.98,220.9548442658,251.84,2025-04-28,2026-04-16,AA,0,217.98,Mastercard,1,208,8630592,245,222,0.0
36a7c3ec-416b-4caf-8046-ad1db10a7453,189.13,163.46,1,pi,33581257,2025-05-30,60356171000180,CLOUDWALK PI FUNDO DE INVESTIMENTO EM DIREITOS CRE,59588111000103,BANCO VOTORANTIM S.A.,CSC de arranjo de pagamento banco emissor confirmado,0.161165232578656,163.46,165.2139756355,189.13,2025-05-06,2026-04-27,AA,0,163.46,Mastercard,1,208,8630592,246,228,0.0
57c9b79f-78eb-4118-8b22-c95d985f7b4e,3316.2799999999997,2963.31,9,pi,33581257,2025-05-30,60356171000180,CLOUDWALK PI FUNDO DE INVESTIMENTO EM DIREITOS CRE,1722480000167,QUERO-QUERO VERDECARD INSTITUICAO DE PAGAMENTO S.A,CSC de arranjo de pagamento banco emissor confirmado,0.161886001863989,2963.32,2997.0340332295,3316.28,2025-05-05,2026-01-29,AA,0,2963.32,Elo,1,208,8630592,189,170,0.0
8ffc8107-4f71-415b-9bbb-c0c09bdd3f13,311191.2699999999,307691.64999999997,37,pi,33581257,2025-05-30,60356171000180,CLOUDWALK PI FUNDO DE INVESTIMENTO EM DIREITOS CRE,360305000104,CAIXA ECONOMICA FEDERAL,CSC de arranjo de pagamento banco emissor confirmado,0.161835325465103,307691.65,310451.215174241,311191.27,2025-05-09,2025-06-05,AA,0,307691.65,Mastercard,1,208,8630592,19,4,0.0
798bf649-5b5d-4a99-aa81-ba82094f3d08,321.53,288.36,1,pi,33581257,2025-05-30,60356171000180,CLOUDWALK PI FUNDO DE INVESTIMENTO EM DIREITOS CRE,8357240000150,BANCO CSF S/A,CSC de arranjo de pagamento banco emissor confirmado,0.160812091592288,288.36,292.4844751865,321.53,2025-04-25,2026-01-15,AA,0,288.36,Mastercard,1,208,8630592,184,160,0.0
257aa89f-b216-4844-b7ee-b4019241cbf9,87541.44,85529.34,35,pi,33581257,2025-05-30,60356171000180,CLOUDWALK PI FUNDO DE INVESTIMENTO EM DIREITOS CRE,8561701000101,PAGSEGURO INTERNET INSTITUICAO DE PAGAMENTO S.A.,CSC de arranjo de pagamento banco emissor confirmado,0.162124339666748,85529.33,86246.2486672277,87541.44,2025-05-12,2025-07-07,AA,0,85529.33,Visa,1,208,8630592,39,25,0.0
64cdb978-2a6a-43c1-ae2c-b67ef445e96f,2768.71,2671.2199999999993,6,pi,33581257,2025-05-30,60356171000180,CLOUDWALK PI FUNDO DE INVESTIMENTO EM DIREITOS CRE,60746948000112,BANCO BRADESCO S.A.,CSC de arranjo de pagamento banco emissor confirmado,0.162478176763307,2671.22,2677.6111746303,2768.71,2025-05-26,2025-08-19,AA,0,2671.22,Mastercard,1,208,8630592,60,56,0.0
ba4cfc23-51ef-4816-b027-8bca903fa002,632.49,610.4,1,pi,33581257,2025-05-30,60356171000180,CLOUDWALK PI FUNDO DE INVESTIMENTO EM DIREITOS CRE,62232889000190,BANCO DAYCOVAL S.A.,CSC de arranjo de pagamento banco emissor confirmado,0.161032513388641,610.4,619.5088278327,632.49,2025-04-24,2025-07-21,AA,0,610.4,Mastercard,1,208,8630592,59,35,0.0
fcbfa498-65b2-4de4-b2ab-7d27eec8eb9e,217.65,199.64,4,pi,33581257,2025-05-30,60356171000180,CLOUDWALK PI FUNDO DE INVESTIMENTO EM DIREITOS CRE,6881898000130,FINANCEIRA ITAU CBD S.A. - CREDITO FINANCIAMENTO,CSC de arranjo de pagamento banco emissor confirmado,0.161961457689907,199.64,202.6352488137,217.65,2025-04-24,2025-11-17,AA,0,199.64,Visa,1,208,8630592,145,120,0.0
712bb6d9-f5ab-45da-bcc0-3b2a48799b18,47539.68,45850.09,15,pi,33581257,2025-05-30,60356171000180,CLOUDWALK PI FUNDO DE INVESTIMENTO EM DIREITOS CRE,4814563000174,BANCO AFINZ S.A. BANCO MULTIPLO,CSC de arranjo de pagamento banco emissor confirmado,0.161250089438825,45850.08,46424.8573344622,47539.68,2025-04-30,2025-07-28,AA,0,45850.08,Visa,1,208,8630592,60,40,0.0
3390215d-e77e-472d-81be-a7c8d7c46999,28010.9,25383.379999999997,2,pi,33581257,2025-05-30,60356171000180,CLOUDWALK PI FUNDO DE INVESTIMENTO EM DIREITOS CRE,2206577000180,LUIZACRED S.A. SOCIEDADE DE CREDITO FINANCIAMENTO,CSC de arranjo de pagamento banco emissor confirmado,0.162339721888083,25383.38,25428.8796367968,28010.9,2025-05-27,2026-01-19,AA,0,25383.38,Mastercard,1,208,8630592,164,162,0.0
e3f661ee-3886-4d1a-8619-2f839a3e8c53,219.81,196.5,3,pi,33581257,2025-05-30,60356171000180,CLOUDWALK PI FUNDO DE INVESTIMENTO EM DIREITOS CRE,8561701000101,PAGSEGURO INTERNET INSTITUICAO DE PAGAMENTO S.A.,CSC de arranjo de pagamento banco emissor confirmado,0.162994509292355,196.51,198.0467091804,219.81,2025-05-13,2026-02-04,AA,0,196.51,Visa,1,208,8630592,187,174,0.0
2de61cf6-7a90-469e-a90d-df7763542375,92974.06,83118.45000000001,17,pi,33581257,2025-05-30,60356171000180,CLOUDWALK PI FUNDO DE INVESTIMENTO EM DIREITOS CRE,360305000104,CAIXA ECONOMICA FEDERAL,CSC de arranjo de pagamento banco emissor confirmado,0.162999985390212,83118.46,83768.4671196142,92974.06,2025-05-13,2026-02-04,AA,0,83118.46,Visa,1,208,8630592,186,174,0.0
ebcfbe30-8766-4f32-8c6a-0e1b40d47a85,97.18,91.52,1,pi,33581257,2025-05-30,60356171000180,CLOUDWALK PI FUNDO DE INVESTIMENTO EM DIREITOS CRE,23862762000100,WILL FINANCEIRA S.A. CREDITO FINANCIAMENTO E INVE,CSC de arranjo de pagamento banco emissor confirmado,0.163250976723246,91.52,92.0708388045,97.18,2025-05-16,2025-10-06,AA,0,91.52,Mastercard,1,208,8630592,100,90,0.0
6fc08551-9aa5-4e94-bc28-82d172653db3,566.18,495.32,1,pi,33581257,2025-05-30,60356171000180,CLOUDWALK PI FUNDO DE INVESTIMENTO EM DIREITOS CRE,61186680000174,BANCO BMG S.A,CSC de arranjo de pagamento banco emissor confirmado,0.162324098964958,495.32,499.1785560004,566.18,2025-05-13,2026-03-31,AA,0,495.32,Mastercard,1,208,8630592,224,211,0.0
7c2c245d-04eb-4a52-b8cc-8fdcd34dec14,20034.94,19322.25,12,pi,33581257,2025-05-30,60356171000180,CLOUDWALK PI FUNDO DE INVESTIMENTO EM DIREITOS CRE,208000100,BRB BANCO DE BRASILIA SA,CSC de arranjo de pagamento banco emissor confirmado,0.161406877935777,19322.25,19541.4737630686,20034.94,2025-05-05,2025-07-30,AA,0,19322.25,Visa,1,208,8630592,61,42,0.0
41427833-2bfa-4cf3-8e52-cbdfd29ec188,67055.31000000001,63802.430000000015,20,pi,33581257,2025-05-30,60356171000180,CLOUDWALK PI FUNDO DE INVESTIMENTO EM DIREITOS CRE,4184779000101,BANCO BRADESCARD S.A.,CSC de arranjo de pagamento banco emissor confirmado,0.16296925801416,63802.44,64301.3033757812,67055.31,2025-05-13,2025-09-08,AA,0,63802.44,Visa,1,208,8630592,83,70,0.0
f59968a6-d1dd-4aff-9b82-a2287a47ca25,6849.73,5987.549999999999,6,pi,33581257,2025-05-30,60356171000180,CLOUDWALK PI FUNDO DE INVESTIMENTO EM DIREITOS CRE,27351731000138,REALIZE CREDITO FINANCIAMENTO E INVESTIMENTO S.A.,CSC de arranjo de pagamento banco emissor confirmado,0.162610935252147,5987.56,6027.0687030953,6849.73,2025-05-15,2026-04-06,AA,0,5987.56,Mastercard,1,208,8630592,225,214,0.0
ccfb7541-38bd-4656-872b-19bfceef6f3c,126773.38000000002,114824.14000000001,13,pi,33581257,2025-05-30,60356171000180,CLOUDWALK PI FUNDO DE INVESTIMENTO EM DIREITOS CRE,2038232000164,BANCO COOPERATIVO SICOOB S.A.,CSC de arranjo de pagamento banco emissor confirmado,0.163227803192342,114824.16,115792.737136185,126773.38,2025-05-12,2026-01-02,AA,0,114824.16,Mastercard,1,208,8630592,165,151,0.0
019f0c46-c031-4cbe-81fd-bd64ab476250,496.95,467.74,4,pi,33581257,2025-05-30,60356171000180,CLOUDWALK PI FUNDO DE INVESTIMENTO EM DIREITOS CRE,62232889000190,BANCO DAYCOVAL S.A.,CSC de arranjo de pagamento banco emissor confirmado,0.16143975901073,467.74,474.1729210841,496.95,2025-04-28,2025-09-19,AA,0,467.74,Mastercard,1,208,8630592,102,79,0.0
55709e60-42ff-48c5-8d7d-3b274476c579,13380.4,13072.42,13,pi,33581257,2025-05-30,60356171000180,CLOUDWALK PI FUNDO DE INVESTIMENTO EM DIREITOS CRE,59588111000103,BANCO VOTORANTIM S.A.,CSC de arranjo de pagamento banco emissor confirmado,0.162363372798074,13072.44,13150.7217966858,13380.4,2025-05-16,2025-07-11,AA,0,13072.44,Mastercard,1,208,8630592,39,29,0.0
13f13f55-86eb-46f9-b2f3-4bc77850e0cb,7535.78,6581.280000000001,4,pi,33581257,2025-05-30,60356171000180,CLOUDWALK PI FUNDO DE INVESTIMENTO EM DIREITOS CRE,27351731000138,REALIZE CREDITO FINANCIAMENTO E INVESTIMENTO S.A.,CSC de arranjo de pagamento banco emissor confirmado,0.162239359793369,6581.28,6632.5234009205,7535.78,2025-05-13,2026-04-06,AA,0,6581.28,Visa,1,208,8630592,226,214,0.0
efa1ac1a-2e0a-44cb-8cce-6ee36a12d7e2,1203.41,1189.86,1,pi,33581257,2025-05-30,60356171000180,CLOUDWALK PI FUNDO DE INVESTIMENTO EM DIREITOS CRE,20018183000180,STARK BANK S.A. - INSTITUICAO DE PAGAMENTO,CSC de arranjo de pagamento banco emissor confirmado,0.162050252961905,1189.86,1196.9724509801,1203.41,2025-05-16,2025-06-12,AA,0,1189.86,Mastercard,1,208,8630592,18,9,0.0
6faae1ab-9d25-4d3d-b2d0-623db254ef7b,70156.92,64421.409999999996,18,pi,33581257,2025-05-30,60356171000180,CLOUDWALK PI FUNDO DE INVESTIMENTO EM DIREITOS CRE,4862600000110,PORTOSEG S/A - CREDITO FINANCIAMENTO E INVESTIMEN,CSC de arranjo de pagamento banco emissor confirmado,0.160968998491148,64421.4,65343.6742874357,70156.92,2025-04-25,2025-11-17,AA,0,64421.4,Mastercard,1,208,8630592,144,120,0.0
4f0d3b7f-7ddf-4591-abd1-e0d52579f070,1.59,1.44,1,pi,33581257,2025-05-30,60356171000180,CLOUDWALK PI FUNDO DE INVESTIMENTO EM DIREITOS CRE,11275560000175,RECARGAPAY INSTITUICAO DE PAGAMENTO LTDA,CSC de arranjo de pagamento banco emissor confirmado,0.161284119034346,1.44,1.4597867504,1.59,2025-04-28,2025-12-22,AA,0,1.44,Mastercard,1,208,8630592,167,144,0.0
43c89e8d-8218-4342-8968-663a33d24e23,533793.9199999998,528100.31,65,pi,33581257,2025-05-30,60356171000180,CLOUDWALK PI FUNDO DE INVESTIMENTO EM DIREITOS CRE,4184779000101,BANCO BRADESCARD S.A.,CSC de arranjo de pagamento banco emissor confirmado,0.161984834086368,528100.34,528415.0507846988,533793.92,2025-05-29,2025-06-25,AA,0,528100.34,Visa,1,208,8630592,18,17,0.0
62a5e5d0-52ca-45c7-8a0d-0b570de6914a,1176.53,1149.48,2,pi,33581257,2025-05-30,60356171000180,CLOUDWALK PI FUNDO DE INVESTIMENTO EM DIREITOS CRE,17351180000159,BANCO TRIANGULO S/A,CSC de arranjo de pagamento banco emissor confirmado,0.162175694297056,1149.48,1158.4268491951,1176.53,2025-05-13,2025-07-08,AA,0,1149.48,Mastercard,1,208,8630592,38,26,0.0
56fe9bcf-7369-4d35-885c-1fd59161d975,3.94,3.44,1,pi,33581257,2025-05-30,60356171000180,CLOUDWALK PI FUNDO DE INVESTIMENTO EM DIREITOS CRE,315557000111,CONFEDERACAO NACIONAL DAS COOPERATIVAS CENTRAIS UN,CSC de arranjo de pagamento banco emissor confirmado,0.161827778692826,3.44,3.4584773347,3.94,2025-05-19,2026-04-13,AA,0,3.44,Visa,1,208,8630592,228,219,0.0
f0a4c149-a8f2-4de7-bd24-bdf0a0a3707e,150458.27999999997,139668.11000000004,24,pi,33581257,2025-05-30,60356171000180,CLOUDWALK PI FUNDO DE INVESTIMENTO EM DIREITOS CRE,360305000104,CAIXA ECONOMICA FEDERAL,CSC de arranjo de pagamento banco emissor confirmado,0.16186243829052,139668.12,141341.0444484778,150458.28,2025-05-02,2025-10-27,AA,0,139668.12,Visa,1,208,8630592,125,105,0.0
cf27e503-eadf-4a78-b9a8-521efea65d9e,1722.0,1488.9499999999998,3,pi,33581257,2025-05-30,60356171000180,CLOUDWALK PI FUNDO DE INVESTIMENTO EM DIREITOS CRE,2732968000138,FORTBRASIL ADMINISTRADORA DE CARTOES DE CREDITO S/,CSC de arranjo de pagamento banco emissor confirmado,0.16062882114691,1488.95,1511.1170481668,1722.0,2025-04-24,2026-04-15,AA,0,1488.95,Mastercard,1,208,8630592,246,221,0.0
